scan_index,x_m,y_m,method,strict_pose,coarse_clear,screened_pass,max_speed,max_step,max_acceleration,max_position_error_m,max_rotation_error_rad,joint_limit_ok,max_speed_joint,min_joint_margin_rad,max_original_knot_q_difference_rad
1410,0.42,0.04,baseline,True,True,False,10.99957324193337,0.09166311034944474,279.4621343401648,5.74796795423988e-15,8.619885491361858e-14,True,3,0.14086710072803577,8.97615315409439e-14
1410,0.42,0.04,selected,True,True,True,8.069999234302552,0.06724999361918793,189.80502542462165,8.702026564797134e-15,5.920671526308976e-14,True,3,0.14086710072803577,6.977751709769109e-14
1411,0.44,0.04,baseline,True,True,False,12.151431545587453,0.1012619295465621,312.91094469633674,4.431867788313117e-15,3.835791921065468e-14,True,3,0.20269604678832653,1.0763612223740893e-13
1411,0.44,0.04,selected,True,True,True,8.559864688566465,0.07133220573805388,195.11122126750635,3.1039433865322265e-15,4.9638715032119597e-14,True,3,0.20269604678832698,7.749356711883593e-14
1412,0.46,0.04,baseline,True,True,False,12.542321067486828,0.1045193422290569,327.8828728128254,6.732672557320192e-15,7.831226837232738e-14,True,3,0.26593664505255976,1.7544299346639036e-13
1412,0.46,0.04,selected,True,True,True,8.773411045204007,0.07311175871003339,200.57269754170903,7.695180155662153e-15,7.728884444071977e-14,True,3,0.26593664505256065,3.539391002504999e-12
1413,0.48,0.04,baseline,True,True,False,13.22288589321413,0.11019071577678441,322.27680825784574,5.624670137768868e-15,5.198106974538838e-14,True,3,0.33073863118988056,4.2787995369053533e-13
1413,0.48,0.04,selected,True,True,True,9.310436147736567,0.07758696789780473,209.3559257784733,6.076712318574888e-15,1.0044463555207181e-13,True,3,0.330738631189881,7.635225784952127e-12
1414,0.5,0.04,baseline,True,True,False,13.895073133545202,0.11579227611287668,347.3521509591691,4.5278662089609864e-15,4.419976955837821e-14,True,3,0.3971858490873834,1.20570220474292e-13
1414,0.5,0.04,selected,True,True,True,9.551250753284837,0.07959375627737364,210.19346703366148,5.0732188990627735e-15,4.926965232256671e-14,True,3,0.3971858490873834,2.868039139514167e-11
1415,0.52,0.04,baseline,True,True,False,13.876092147128052,0.1156341012260671,353.5423530619561,4.663452961595636e-15,4.0579325499948277e-14,True,3,0.4653033249753262,6.350475700855895e-14
1415,0.52,0.04,selected,True,True,True,9.556500202045957,0.0796375016837163,204.46179950684407,4.864911910876276e-15,4.3370612722025226e-14,True,3,0.465303324975316,8.326672684688674e-12
1416,0.54,0.04,baseline,True,True,False,13.476961117903885,0.11230800931586571,343.4964170989403,4.536371875115287e-15,3.681960319987617e-14,True,3,0.5351612766338203,9.281464485866309e-14
1416,0.54,0.04,selected,True,True,True,9.448309167855182,0.07873590973212652,211.02510830945178,4.7590304058781476e-15,5.769289916917436e-14,True,3,0.5351612766338185,5.1382897936491645e-11
1417,0.56,0.04,baseline,True,True,False,13.03850151154343,0.10865417926286192,327.2450162226036,3.889149445732266e-15,3.409052587581832e-14,True,3,0.6068154463549065,6.461498003318411e-14
1417,0.56,0.04,selected,True,True,True,9.427393996267526,0.07856161663556271,214.10386001639026,3.7043296641584985e-15,3.412010494867863e-14,True,3,0.606815446354906,1.1546319456101628e-13
1418,0.58,0.04,baseline,True,True,False,12.850312923180178,0.10708594102650149,314.36102075780326,4.1503069738485e-15,3.430479671504278e-14,True,3,0.6803582761474214,4.884981308350689e-14
1418,0.58,0.04,selected,True,True,True,9.487324583926497,0.07906103819938748,214.6260316338939,3.610472598405807e-15,3.255187576071548e-14,True,3,0.6803582761474212,1.6786572132332367e-13
1419,0.6,0.04,baseline,True,True,False,12.690561473313338,0.10575467894427781,308.5115227736395,3.835551671069619e-15,3.112268471182911e-14,True,3,0.7560027607944213,4.1300296516055823e-14
1419,0.6,0.04,selected,True,True,True,9.442351810021554,0.07868626508351295,212.99469437787408,4.817412984883935e-15,5.564651146936439e-14,True,3,0.7361605535738409,3.9968028886505635e-13
1420,0.62,0.04,baseline,True,True,False,12.754489218825604,0.10628741015688004,307.0440107499948,5.036743249531999e-15,3.388803977644725e-14,True,3,0.834012335471882,4.085620730620576e-14
1420,0.62,0.04,selected,True,True,True,9.563158864937531,0.07969299054114609,208.77860032338464,5.036719350972725e-15,4.2267536343619084e-14,True,3,0.8340123354718811,5.314837459025057e-11
1421,0.64,0.04,baseline,True,True,False,12.780812251317544,0.10650676876097953,303.52677654337725,3.9960559240203196e-15,3.1124001559181203e-14,True,3,0.9147171826439997,4.529709940470639e-14
1421,0.64,0.04,selected,True,True,True,9.7339553559455,0.08111629463287917,201.79022577771875,5.154341918989244e-15,5.779201778076064e-14,True,3,0.13660474189881278,1.603162047558726e-12
1422,0.66,0.04,baseline,True,True,False,12.537364799077357,0.10447803999231131,291.69002342591364,4.503336797797561e-15,3.4166539736937424e-14,True,3,0.9986318798421954,5.3734794391857577e-14
1422,0.66,0.04,selected,True,True,True,9.791925300806676,0.0815993775067223,207.18692505667846,4.0548381081718225e-15,3.410617693123956e-14,True,3,0.9986318798421949,2.831068712794149e-13
1423,0.68,0.04,baseline,True,True,False,11.827362305822193,0.09856135254851828,269.1077623029073,4.520331236338708e-15,3.6355171166135786e-14,True,3,1.086273212112044,5.96189764223709e-14
1423,0.68,0.04,selected,True,True,True,9.596151542845242,0.07996792952371035,205.57396991263843,5.508175100172333e-15,4.6461982920963655e-14,True,3,0.14588303432242,1.1723955140041653e-13
1424,0.7000000000000001,0.04,baseline,True,True,False,11.389566208535875,0.09491305173779896,261.07250724772194,3.5554790121769935e-15,2.4382309533725962e-14,True,3,1.1783166521052124,2.5757174171303632e-14
1424,0.7000000000000001,0.04,selected,True,True,True,9.310691832148397,0.07758909860123664,195.26142654085845,4.0308284936335615e-15,1.319238715600953e-14,True,3,0.5940817206322491,1.4844125928448193e-11
1425,0.72,0.04,baseline,True,True,False,11.02036509305897,0.09183637577549142,251.59257381165105,3.348266171397774e-15,3.631404477320311e-14,True,3,1.275592008373775,5.417888360170764e-14
1425,0.72,0.04,selected,True,True,True,9.278250743115954,0.07731875619263295,197.75767644546463,2.627056434674716e-15,4.379269803858838e-14,True,3,0.16629888559956996,1.5920598173124745e-13
1445,0.4,0.06,baseline,True,True,False,17.13837061986788,0.14281975516556566,365.62059318310014,5.76687210148907e-15,5.466862079600303e-14,True,3,0.05713597795409253,1.2673195826096162e-13
1445,0.4,0.06,selected,True,True,False,11.846048860039176,0.0987170738336598,268.9609299956615,5.506334762933853e-15,5.454121787747437e-14,True,3,0.05713597795409253,3.016198402150394e-13
1446,0.42,0.06,baseline,True,True,False,21.04955875930233,0.17541298966085273,515.1659262432377,3.8855389564769715e-15,1.9336257717226988e-14,True,3,0.11984557096378445,8.54316617449058e-14
1446,0.42,0.06,selected,True,True,False,12.806883133900865,0.10672402611584053,325.6339318288183,1.017288467417003e-14,1.1250028087228094e-13,True,3,0.11984557096378445,2.0605739337042905e-13
1447,0.44,0.06,baseline,True,True,False,23.38770942461837,0.19489757853848644,718.867479189448,2.7603631621994653e-15,2.4516042355336613e-14,True,3,0.183739300897086,1.5010215292932116e-13
1447,0.44,0.06,selected,True,True,False,14.901748845260805,0.12418124037717337,393.9563346089827,7.885664450168161e-15,1.8711495639276151e-13,True,3,0.067076580993783,1.595168441781425e-12
1448,0.46,0.06,baseline,True,True,False,28.56609595010486,0.23805079958420716,761.2135611825838,5.705513687676108e-15,6.18442520436052e-14,True,3,0.2487146306984629,8.593126210598712e-14
1448,0.46,0.06,selected,True,True,False,15.982718664645805,0.1331893222053817,455.04866344591693,4.62370424042506e-15,3.5127917571172233e-14,True,3,0.24871463069846333,4.8627768478581856e-14
1449,0.48,0.06,baseline,True,True,False,30.45389788269666,0.25378248235580547,983.9548069297929,5.881305122967466e-15,5.107694881126222e-14,True,3,0.31480456287309844,8.348877145181177e-14
1449,0.48,0.06,selected,True,True,False,16.340105475880335,0.13616754563233613,468.7936843575159,1.344956159355711e-14,4.355581908904667e-13,True,3,0.14969613722230157,4.6980197510038124e-12
1450,0.5,0.06,baseline,True,True,False,32.36895641912028,0.269741303492669,1321.2742659024311,5.11660622420799e-15,4.6181120660232495e-14,True,3,0.382109651739416,1.4344081478157023e-13
1450,0.5,0.06,selected,True,True,False,17.848972837281245,0.14874144031067704,452.7997273624003,5.872576782700954e-15,1.0488390397157612e-13,True,3,0.3179017104005064,1.5276668818842154e-13
1451,0.52,0.06,baseline,True,True,False,35.4012552382366,0.2950104603186383,1271.5541481626076,4.2106452342895826e-15,2.5780146209359138e-14,True,3,0.4509518070005214,4.884981308350689e-13
1451,0.52,0.06,selected,True,True,False,18.09049469527298,0.15075412246060815,492.99048171913927,6.419526986178104e-15,1.1406096571373804e-13,True,3,0.3609565128708736,1.5329959524024162e-12
1452,0.54,0.06,baseline,True,True,False,35.574077533315325,0.29645064611096106,860.4400168873829,3.618564978814107e-15,3.0479288936527376e-14,True,3,0.5214196848400325,1.3034018309099338e-13
1452,0.54,0.06,selected,True,True,False,17.419011449450608,0.14515842874542173,499.8740137862392,3.3998314292371723e-15,3.730379565393063e-14,True,3,0.4003404516462199,5.488942633746774e-13
1453,0.56,0.06,baseline,True,True,False,32.11873766536388,0.26765614721136566,956.2845251264657,4.017667507167176e-15,3.0251097742362877e-14,True,3,0.5936399166291415,9.636735853746359e-14
1453,0.56,0.06,selected,True,True,False,16.56794795799712,0.13806623298330933,482.3669298016199,2.6537640754606916e-15,4.362154398157753e-14,True,3,0.4334448859518565,8.22453216642316e-13
1454,0.58,0.06,baseline,True,True,False,29.000157513950075,0.24166797928291728,941.7404328451222,3.181624732105897e-15,2.4666005487061574e-14,True,3,0.6677785951695214,9.992007221626409e-14
1454,0.58,0.06,selected,True,True,False,15.965160865267833,0.13304300721056528,457.9668330959045,3.1712567117548017e-15,6.671261610837101e-14,True,3,0.4580668113687505,7.185363415374013e-13
1455,0.6,0.06,baseline,True,True,False,27.03222039962011,0.22526850333016757,849.4267917771938,4.2184879796423115e-15,2.881985566862536e-14,True,3,0.7439934096525713,4.796163466380676e-14
1455,0.6,0.06,selected,True,True,False,15.692269030354637,0.13076890858628865,436.58916806919024,5.74107828567546e-15,4.6559302944218476e-14,True,3,0.042937430544498945,7.638334409421077e-14
1456,0.62,0.06,baseline,True,True,False,25.525987416792166,0.21271656180660137,725.5085940181053,5.402654163779484e-15,3.50355379581248e-14,True,3,0.8224839175503871,1.3722356584366935e-13
1456,0.62,0.06,selected,True,True,False,15.60095688892539,0.13000797407437825,416.6635062915042,5.300370296947704e-15,3.667327796390184e-14,True,3,0.6678951626710035,6.750155989720952e-14
1457,0.64,0.06,baseline,True,True,False,23.53341997493387,0.1961118331244489,597.2537421783824,3.705297875988847e-15,2.867944512457333e-14,True,3,0.9035825308800771,9.281464485866309e-14
1457,0.64,0.06,selected,True,True,False,15.396247714830977,0.12830206429025814,391.18200814122446,7.572520815317912e-15,1.4670877348224723e-13,True,3,0.3429172852399116,1.8003376567321538e-12
1458,0.66,0.06,baseline,True,True,False,20.55288691345415,0.1712740576121179,552.5098446212385,1.1677253937125326e-14,8.84922677115022e-14,True,3,0.9877002418666407,1.0702549957386509e-13
1458,0.66,0.06,selected,True,True,False,14.741576080900458,0.12284646734083715,355.4349511065695,9.480235704126318e-15,2.732518411377149e-13,True,3,0.33122682043790164,2.9540814239226165e-12
1459,0.68,0.06,baseline,True,True,False,17.65953052823206,0.14716275440193383,530.0168072114145,3.0508494527726607e-15,3.5298321748258485e-14,True,3,1.0753513572790496,6.927791673660977e-14
1459,0.68,0.06,selected,True,True,False,13.44564040265194,0.11204700335543283,316.0868701899389,5.2639685811296375e-15,4.522995932251774e-14,True,3,0.10600137769798579,1.3145040611561853e-13
1460,0.7000000000000001,0.06,baseline,True,True,False,17.054977207677897,0.14212481006398248,451.7186233302652,3.1623166810876e-15,2.255574744970998e-14,True,3,1.1673142725540633,5.1514348342607263e-14
1460,0.7000000000000001,0.06,selected,True,True,False,13.016664362248367,0.10847220301873639,318.1475777752996,5.616253453165271e-15,3.95787454059093e-14,True,3,0.11706903822129267,5.806466418789569e-14
1461,0.72,0.06,baseline,True,True,False,14.990021915045967,0.12491684929204971,360.6996102092125,2.189976916718919e-15,1.3811386040237071e-14,True,3,1.2644749025950817,2.4646951146678475e-14
1461,0.72,0.06,selected,True,True,False,12.295458087209443,0.10246215072674536,289.5361214653426,4.131200890199111e-15,3.544685917474766e-14,True,3,0.9642683724599532,6.722400414105323e-14
1462,0.74,0.06,baseline,True,True,False,13.10267750603467,0.10918897921695558,289.2862433789506,1.0698129548543317e-14,9.83499425743439e-14,True,3,1.3680558757159185,3.952393967665557e-14
1462,0.74,0.06,selected,True,True,False,10.85308768076895,0.09044239733974124,246.25375967526006,1.3912335192770502e-14,1.3231880910206153e-13,True,3,1.3680558757159182,2.4447111002245947e-13
1463,0.76,0.06,baseline,True,True,False,11.758650498763746,0.09798875415636454,242.26274413951518,1.1215124519773754e-14,1.0538569199242478e-13,True,3,1.4798235478935922,3.133049375492192e-13
1463,0.76,0.06,selected,True,True,False,10.205691376844364,0.0850474281403697,208.38521862988807,1.7261726970561455e-14,1.759344035746559e-13,True,3,0.16572236292051645,4.3010039973978564e-13
1481,0.4,0.08,baseline,True,True,False,43.399528901488125,0.36166274084573435,1545.7752835586534,3.534017903240517e-15,1.3570843755608876e-14,True,3,0.04040317861151976,5.906386491005833e-14
1481,0.4,0.08,selected,True,True,False,21.431478235557186,0.17859565196297655,542.5663242863799,6.276367622005919e-15,1.6234414722455806e-13,True,3,0.04040317861151932,2.566835632933362e-13
1482,0.42,0.08,baseline,True,True,False,68.67465762214833,0.5722888135179027,3144.779860706977,6.1294278523480124e-15,6.46559357376096e-14,True,3,0.10458389478253283,1.4777068457760834e-13
1482,0.42,0.08,selected,True,True,False,28.149387065772604,0.23457822554810503,711.2360283199728,6.804886612123922e-15,5.4914288865911254e-14,True,3,0.10458389478253283,9.801048861390882e-13
1483,0.44,0.08,baseline,True,True,False,139.41358892829012,1.1617799077357511,10645.18264132244,3.145699930740632e-15,2.1713264771373294e-14,True,3,0.1699137068367942,3.141592653589977
1483,0.44,0.08,selected,True,True,False,139.4135889282881,1.1617799077357343,10645.182641330499,5.565287070731091e-15,3.225495720475683e-14,True,3,0.16991370683679463,3.1415926535899015
1485,0.48,0.08,baseline,True,True,False,172.158185755731,1.434651547964425,16501.46610232173,3.196112079547571e-15,2.0810014752311142e-14,True,5,0.29748034777781385,3.1415926535897944
1485,0.48,0.08,selected,True,True,False,172.158185755731,1.434651547964425,16501.46610232173,3.196112079547571e-15,2.0810014752311142e-14,True,5,0.29748034777781385,3.1415926535897944
1486,0.5,0.08,baseline,True,True,False,125.49619298053095,1.0458016081710912,9723.689738881249,3.2737536716702892e-15,2.877598335055341e-14,True,5,0.2652799340338152,3.1415926535897944
1486,0.5,0.08,selected,True,True,False,125.49619298051398,1.0458016081709498,9723.689738877556,3.0892420119952143e-15,1.8074859668404364e-14,True,5,0.3719413628536592,3.141592653589802
1487,0.52,0.08,baseline,True,True,False,105.84797825812143,0.8820664854843452,5313.335031608066,2.4601681737701038e-15,2.6461197147490778e-14,True,5,0.22869536887404074,3.1415926535897944
1487,0.52,0.08,selected,True,True,False,105.84797825812228,0.8820664854843523,5313.335031607965,4.0755887361963745e-15,1.2731015395201069e-14,True,5,0.4414134124415381,3.1415926535898078
1488,0.54,0.08,baseline,True,True,False,113.8921772152637,0.9491014767938641,6543.98331856238,2.3879576059030733e-15,3.064906960003982e-14,True,5,0.18725989710575952,3.1415926535897967
1488,0.54,0.08,selected,True,True,False,113.8921772152944,0.9491014767941199,6543.983318566127,4.079492808671676e-15,5.0290802952471945e-14,True,5,0.29530549787048077,3.1415926535898366
1489,0.56,0.08,baseline,True,True,False,136.0667680104861,1.1338897334207174,10680.327284386265,3.4655867794925062e-15,4.560480497742622e-14,True,5,0.14148518073533456,3.141592653589794
1489,0.56,0.08,selected,True,True,False,136.0667680104861,1.1338897334207174,10680.327284386265,3.4655867794925062e-15,4.560480497742622e-14,True,5,0.14148518073533456,3.141592653589825
1490,0.58,0.08,baseline,True,True,False,163.15286784107565,1.3596072320089636,28092.583805297007,4.8373646722728614e-15,6.089484260309972e-14,True,3,0.6592949377950903,7.638334409421077e-14
1490,0.58,0.08,selected,True,True,False,163.15286784108866,1.3596072320090722,28092.583805298527,4.8625174740375925e-15,3.5618292092141594e-14,True,3,0.6592949377950903,0.07896652196044818
1492,0.62,0.08,baseline,True,True,False,137.98123235119576,1.1498436029266312,9777.352408813476,6.106794336731562e-15,4.9688217358185866e-14,True,3,0.8146268899489784,3.141592653589794
1492,0.62,0.08,selected,True,True,False,137.98123235119576,1.1498436029266312,9777.352408813476,6.106794336731562e-15,4.9688217358185866e-14,True,3,0.8146268899489784,3.141592653589794
1493,0.64,0.08,baseline,True,True,False,70.98107884448847,0.5915089903707372,3468.8109970063297,3.6926668731850455e-15,5.181413142924948e-14,True,3,0.8960772267236086,3.141592653589794
1493,0.64,0.08,selected,True,True,False,31.431790655624994,0.26193158879687495,982.8638013558198,5.672829044489024e-15,2.8059846694580694e-14,True,3,0.8052727916725448,4.405364961712621e-13
1494,0.66,0.08,baseline,True,True,False,48.257454959164164,0.4021454579930347,1653.6413754448495,3.8204014828999616e-15,3.6749901932027484e-14,True,3,0.980488985782139,7.460698725481052e-14
1494,0.66,0.08,selected,True,True,False,25.879915095279628,0.21566595912733022,886.521366523155,9.226446078969468e-15,7.014486499863273e-14,True,3,0.05628349142901623,5.009326287108706e-13
1495,0.68,0.08,baseline,True,True,False,37.464122348284654,0.3122010195690388,967.933256280135,3.4548044775226265e-15,2.8134667765874708e-14,True,3,1.0683808734702864,6.217248937900877e-14
1495,0.68,0.08,selected,True,True,False,21.716038626480795,0.1809669885540066,706.9487901303354,7.870385160689249e-15,1.8779977471255733e-13,True,3,0.2197433744747359,2.5908164502652653e-12
1496,0.7000000000000001,0.08,baseline,True,True,False,28.789465876421566,0.2399122156368464,815.3814112287517,3.1725318024594024e-15,2.384596499327863e-14,True,3,1.1604174452904619,5.191402863147232e-13
1496,0.7000000000000001,0.08,selected,True,True,False,20.315505019173383,0.16929587515977818,531.1586461236668,5.749094492339172e-15,4.932203712472908e-14,True,3,0.8649290945497281,1.3278267374516872e-13
1497,0.72,0.08,baseline,True,True,False,22.254712288468422,0.18545593573723684,638.3452656437215,2.6546960279381107e-15,1.7762182255205556e-14,True,3,1.2574654062085326,3.9144468916285646e-14
1497,0.72,0.08,selected,True,True,False,16.971750946233826,0.14143125788528188,392.4752499609056,2.600949300393904e-15,4.732355065916341e-14,True,3,0.22807132590247203,3.3928415632544784e-13
1498,0.74,0.08,baseline,True,True,False,18.890534120922542,0.15742111767435452,436.1520029389305,1.5116856147015877e-14,1.4039848292386746e-13,True,3,1.3608461357917807,4.3520742565306136e-14
1498,0.74,0.08,selected,True,True,False,14.861983410971051,0.1238498617580921,340.9860166639483,2.640832626025885e-15,1.7290385010816174e-14,True,3,0.22531318020355684,1.9895196601282805e-13
1499,0.76,0.08,baseline,True,True,False,15.006699144891567,0.12505582620742972,297.13419073916947,1.772560786242057e-14,1.6085225847166632e-13,True,3,1.472291503991489,4.942712905631197e-13
1499,0.76,0.08,selected,True,True,False,12.763937505857239,0.10636614588214366,264.7639977375953,4.768812575088155e-15,1.352606285877129e-13,True,3,0.21971314628453342,8.304468224196171e-13
1500,0.78,0.08,baseline,True,True,False,12.476539732375672,0.10397116443646393,231.31281473202245,1.7656645468104257e-14,1.2963652692496546e-13,True,3,1.5944550105726756,4.2454928461665986e-13
1500,0.78,0.08,selected,True,True,True,2.2354096655598354,0.018628413879665295,157.72191405751457,2.1965254701191697e-14,8.149362177479395e-14,True,3,0.13112579933250768,2.2959412149248237e-13
1517,0.4,0.1,baseline,True,True,False,125.9165037544328,1.0493041979536066,10035.050928167531,5.331167359253831e-15,7.507016120887619e-14,True,5,0.03067546811663524,3.1415926535898424
1517,0.4,0.1,selected,True,True,False,125.9165037544328,1.0493041979536066,10035.050928167531,5.331167359253831e-15,7.507016120887619e-14,True,5,0.03067546811663524,3.1415926535897944
1518,0.42,0.1,baseline,True,True,False,58.74410246653529,0.4895341872211274,2236.242185587301,5.632552829836263e-15,4.2199709340907725e-14,True,5,0.09603028511642675,3.397282455352979e-13
1518,0.42,0.1,selected,True,True,False,90.4063314386798,0.7533860953223317,15632.21459728006,8.982799501268634e-15,8.829650555307184e-14,True,5,0.0960302851164272,0.0065567399613040145
1519,0.44,0.1,baseline,True,True,False,42.85219809994088,0.3571016508328406,1165.0133576597782,4.8200895521889406e-15,3.311317018448182e-14,True,5,0.16205931682497754,3.7569947153315297e-13
1519,0.44,0.1,selected,True,True,False,144.3179876236103,1.2026498968634192,11221.92803890953,8.4497495519878e-15,5.807745112151606e-14,True,5,0.16205931682497798,3.1415926535897936
1520,0.46,0.1,baseline,True,True,False,33.559637103267,0.279663642527225,818.8870869487488,4.663122562951149e-15,5.091308611203594e-14,True,5,0.22910176038057983,6.439293542825908e-14
1520,0.46,0.1,selected,True,True,False,33.559637103267214,0.27966364252722675,818.8870869488575,4.549713731903801e-15,3.8781355738343984e-14,True,5,0.2291017603805794,1.4876988529977098e-13
1521,0.48,0.1,baseline,True,True,False,30.60484692018818,0.25504039100156817,675.9464239477495,4.7185345900335216e-15,6.330875797302336e-14,True,5,0.2972196338137505,2.815525590449397e-13
1521,0.48,0.1,selected,True,True,False,30.604846920188233,0.2550403910015686,675.9464239476791,3.941291737419306e-15,4.974802544168621e-14,True,5,0.2972196338137487,2.7622348852673895e-13
1522,0.5,0.1,baseline,True,True,False,28.393299877014098,0.2366108323084508,589.1013846802921,4.3710901105486975e-15,5.697662737485448e-14,True,5,0.36633029339377465,2.0383694732117874e-13
1522,0.5,0.1,selected,True,True,False,28.393299877014258,0.23661083230845215,589.1013846922955,4.0489858061744186e-15,3.804987398069345e-14,True,5,0.07493807067218405,4.221067939624845e-13
1523,0.52,0.1,baseline,True,True,False,26.710234022764876,0.22258528352304063,684.9660067052753,2.9014286024586607e-15,3.731367926007075e-14,True,5,0.43648405997303463,1.2612133559741778e-13
1523,0.52,0.1,selected,True,True,False,26.710234022764876,0.22258528352304063,684.9660067052497,3.2573284766618687e-15,4.8027875021647185e-14,True,5,0.07229631898490041,9.370282327836321e-14
1524,0.54,0.1,baseline,True,True,False,27.711796936245,0.230931641135375,660.2200779173373,4.1091436038036424e-15,3.211682484805204e-14,True,5,0.4848770779342084,1.1013412404281553e-13
1524,0.54,0.1,selected,True,True,False,27.71179693624468,0.23093164113537235,660.220077923323,3.6423310982003045e-15,2.3614441450172953e-14,True,5,0.5078511682736715,2.4386048735891563e-13
1525,0.56,0.1,baseline,True,True,False,29.96142366117711,0.24967853050980926,563.770739117848,5.937487890178764e-15,4.5586948830813934e-14,True,5,0.44173886317223676,2.091660178393795e-13
1525,0.56,0.1,selected,True,True,False,29.961423661177044,0.2496785305098087,563.7707391178059,4.579354561448635e-15,4.0726922333339505e-14,True,5,0.5806177653558144,1.5920598173124745e-13
1526,0.58,0.1,baseline,True,True,False,32.46431731438277,0.27053597761985637,704.6105582320571,5.074414582634862e-15,4.110673095289643e-14,True,5,0.39066415902327023,2.1316282072803006e-13
1526,0.58,0.1,selected,True,True,False,32.46431731438263,0.27053597761985526,704.610558232058,4.415148997866149e-15,3.8869131065204744e-14,True,5,0.6551852244622096,1.967037643879621e-13
1527,0.6,0.1,baseline,True,True,False,36.58811944866056,0.30490099540550464,921.7612668187094,7.895241679203476e-15,6.179408281761566e-14,True,5,0.3331051494336075,7.638334409421077e-14
1527,0.6,0.1,selected,True,True,False,36.58811944866056,0.30490099540550464,921.7612668187094,7.895241679203476e-15,6.179408281761566e-14,True,5,0.3331051494336075,7.638334409421077e-14
1528,0.62,0.1,baseline,True,True,False,45.27097419926996,0.37725811832724965,1495.4026961580385,3.942470440146807e-15,4.538768546428872e-14,True,5,0.271692173921382,8.526512829121202e-14
1528,0.62,0.1,selected,False,False,False,,,,,,,,,
1529,0.64,0.1,baseline,True,True,False,67.94872358936172,0.5662393632446809,3071.9893515619146,3.482854743127908e-15,4.42554592827709e-14,True,5,0.2097125117902907,1.7763568394002505e-13
1529,0.64,0.1,selected,True,True,False,162.37860010806264,1.353155000900522,28267.67954948788,4.260780326422799e-15,1.7675133154801914e-13,True,5,0.03790917333422161,6.66933175352824e-12
1530,0.66,0.1,baseline,True,True,False,142.8295286930925,1.1902460724424375,11162.028597721253,1.254555088129707e-14,9.453564034869295e-14,True,5,0.1503703707993287,3.141592653589794
1530,0.66,0.1,selected,True,True,False,142.82952869309239,1.1902460724424366,11162.028597710834,3.678661000178858e-15,4.522567818134192e-14,True,5,0.2593476728018471,3.141592653589795
1531,0.68,0.1,baseline,True,True,False,140.62923911791498,1.171910325982625,22833.0806112708,6.139772355753484e-15,4.3813431801387624e-14,True,5,1.0650151546146323,8.593126210598712e-14
1531,0.68,0.1,selected,True,True,False,140.62923911791498,1.171910325982625,22833.0806112708,6.1422812911478485e-15,4.380468764009058e-14,True,5,1.0650151546146323,0.018778506961957042
1532,0.7000000000000001,0.1,baseline,True,True,False,75.10334798718341,0.6258612332265284,3484.747047591312,5.3373266468020795e-15,3.632642112689111e-14,True,3,1.1572571229765791,3.141592653589794
1532,0.7000000000000001,0.1,selected,True,True,False,36.8504821292901,0.30708735107741747,1354.366267700433,4.8611297697806906e-15,6.992433387918195e-14,True,3,0.8368628682353876,3.3706371027619753e-13
1533,0.72,0.1,baseline,True,True,False,44.121052878494005,0.3676754406541167,1260.6700580946947,4.496231915753894e-15,2.88747010693072e-14,True,3,1.2544928209340533,1.4033219031261979e-13
1533,0.72,0.1,selected,True,True,False,26.364551784976406,0.2197045982081367,767.9498413607397,1.2373797024349556e-14,1.092416784219268e-13,True,3,0.8975759886769783,2.113864638886298e-13
1534,0.74,0.1,baseline,True,True,False,28.989776984152268,0.24158147486793558,789.8536233261008,2.6973293367536083e-15,2.9654191175212004e-14,True,3,1.357920495432995,7.704947790898586e-14
1534,0.74,0.1,selected,True,True,False,21.54138126408367,0.17951151053403058,462.9270436979552,1.5327160634913566e-14,1.3628969212230065e-13,True,3,0.9691992718914113,3.6504133049675147e-13
1535,0.76,0.1,baseline,True,True,False,20.57755427416488,0.17147961895137398,467.85969305354166,9.04172755862073e-15,9.198786624874341e-14,True,3,1.4692373787858535,7.061018436615996e-14
1535,0.76,0.1,selected,True,True,False,16.586559478318392,0.1382213289859866,332.19623133772063,3.264113516001646e-15,3.2580320333697816e-14,True,3,0.07996094450281177,2.2026824808563106e-13
1536,0.78,0.1,baseline,True,True,False,15.752951583950194,0.1312745965329183,280.9143549201447,1.636167640747183e-14,6.916502437765601e-14,True,3,1.5911978454473932,2.360334150353083e-13
1536,0.78,0.1,selected,True,True,False,13.546661642506876,0.11288884702089064,242.17599877784863,7.77826484598099e-15,8.550574143225907e-14,True,3,0.09654231430882287,6.803446694902959e-13
1537,0.8,0.1,baseline,True,True,False,11.940605232261913,0.0995050436021826,246.00176738410636,2.0305347250103916e-14,9.312191920583874e-14,True,3,1.728196500820121,3.823608096809039e-13
1537,0.8,0.1,selected,True,True,True,3.4654612498246196,0.028878843748538496,171.72015858983835,2.016678109392994e-14,6.782443924152952e-14,True,2,1.728196500820124,2.502442697505103e-13
1553,0.4,0.12,baseline,True,True,False,29.03984924292459,0.24199874369103824,678.6560805025758,5.0961723584536896e-15,3.496233206843757e-14,True,5,0.027564345341892782,6.569744748219364e-14
1553,0.4,0.12,selected,True,True,False,29.039849242923697,0.2419987436910308,678.6560805003992,9.134167642856409e-15,1.7992902388183926e-13,True,5,0.027564345341892338,4.156675004196586e-13
1554,0.42,0.12,baseline,True,True,False,23.99110506446096,0.19992587553717467,402.16243778943266,1.241406711315747e-14,1.2622876329416235e-13,True,5,0.09399081187493463,1.687538997430238e-13
1554,0.42,0.12,selected,True,True,False,23.991105064460534,0.19992587553717112,402.1624377891321,4.7389140229094014e-15,6.303558056746258e-14,True,5,0.09399081187493552,1.0480505352461478e-13
1555,0.44,0.12,baseline,True,True,False,21.0635021592822,0.175529184660685,318.14220428355355,1.183927409010051e-14,1.0412669131817486e-13,True,5,0.16058703471584623,9.814371537686384e-14
1555,0.44,0.12,selected,True,True,False,21.06350215928151,0.17552918466067924,318.1422042836303,8.684280069198713e-15,6.488779675316574e-14,True,5,0.16058703471584623,1.6697754290362354e-13
1556,0.46,0.12,baseline,True,True,False,18.880822822074315,0.15734019018395262,271.8487856434223,8.290930056579387e-15,7.265647119955479e-14,True,5,0.22773832258057292,9.50350909079134e-14
1556,0.46,0.12,selected,True,True,False,18.88082282207277,0.15734019018393974,271.8487856434894,2.9033778213640216e-15,4.6189495916058415e-14,True,5,0.13703298918005302,2.3092638912203256e-13
1557,0.48,0.12,baseline,True,True,False,18.094913952479317,0.1507909496039943,285.27538876039387,7.669785148318285e-15,6.245918992777737e-14,True,5,0.29594598040365483,9.015010959956271e-14
1557,0.48,0.12,selected,True,True,False,18.09491395247969,0.15079094960399742,285.27538876020844,4.0965163402179114e-15,2.8298014857939348e-14,True,5,0.2959459804036553,2.042810365310288e-14
1558,0.5,0.12,baseline,True,True,False,16.76507844329077,0.13970898702742307,276.31715733105864,6.273635065613236e-15,5.175746498809613e-14,True,5,0.3653024489794787,1.9984014443252818e-13
1558,0.5,0.12,selected,True,True,False,16.765078443290022,0.13970898702741685,276.31715733104585,4.0511732392098794e-15,3.357439400911396e-14,True,5,0.1339374580822632,1.467714838554457e-13
1559,0.52,0.12,baseline,True,True,False,17.053660931686814,0.14211384109739011,287.96965840703734,7.289155296313649e-15,6.081097541469677e-14,True,5,0.4358900945410844,1.2212453270876722e-13
1559,0.52,0.12,selected,True,True,False,17.053660931686814,0.14211384109739011,287.96965840703734,7.289155296313649e-15,6.081097541469677e-14,True,5,0.4358900945410844,1.2212453270876722e-13
1560,0.54,0.12,baseline,True,True,False,17.446940105571613,0.1453911675464301,321.3896298717671,9.310040941539217e-15,7.607310122313702e-14,True,5,0.5076463478254047,1.2034817586936697e-13
1560,0.54,0.12,selected,True,True,False,17.446940105571134,0.14539116754642611,321.38962987170635,4.58070018131557e-15,4.958087915039351e-14,True,5,0.5076463478254016,1.305622276959184e-13
1561,0.56,0.12,baseline,True,True,False,17.64738534265181,0.1470615445220984,349.84008290578714,4.13793187118574e-15,4.795597288689284e-14,True,5,0.5807677456015887,1.8385293287792592e-13
1561,0.56,0.12,selected,True,True,False,17.647385342651596,0.14706154452209663,349.8400829058031,4.207968620212875e-15,4.2034103983367914e-14,True,5,0.5807677456015874,1.8740564655672642e-13
1562,0.58,0.12,baseline,True,True,False,18.243673409976005,0.15203061174980004,382.07311904391617,3.8759794286338306e-15,4.6551745833097034e-14,True,5,0.6148348496079477,1.127986593019159e-13
1562,0.58,0.12,selected,True,True,False,18.24367340997534,0.1520306117497945,382.073119043654,3.2723635317286297e-15,2.775754358964405e-14,True,5,0.6554714479977661,7.294165271787278e-14
1563,0.6,0.12,baseline,True,True,False,20.271596194410293,0.16892996828675244,432.2260708465521,3.713883746527086e-15,4.742489681771489e-14,True,5,0.5572505536872221,9.192646643896296e-14
1563,0.6,0.12,selected,True,True,False,20.271596194409895,0.1689299682867491,432.2260708454748,4.54744847050179e-15,4.467216621346716e-14,True,5,0.6491325269433048,9.237055564881302e-14
1564,0.62,0.12,baseline,True,True,False,23.16128537240825,0.19301071143673543,524.5305540798938,4.095787560756142e-15,4.5246916095025834e-14,True,5,0.4917969470468657,1.3278267374516872e-13
1564,0.62,0.12,selected,True,True,False,23.16128537240825,0.19301071143673543,524.5305540798938,4.095787560756142e-15,4.5246916095025834e-14,True,5,0.4917969470468657,1.3278267374516872e-13
1565,0.64,0.12,baseline,True,True,False,27.433047119474026,0.22860872599561688,696.7849649785919,3.644293602161345e-15,4.476197592740425e-14,True,5,0.42122436374923566,1.3500311979441904e-13
1565,0.64,0.12,selected,True,True,False,27.433047119466778,0.22860872599555648,696.7849649823363,3.960844390939659e-15,7.307921029727589e-14,True,5,0.06285210912354966,4.596323321948148e-14
1566,0.66,0.12,baseline,True,True,False,35.71218168714939,0.29760151405957824,933.5698386696095,9.536453885901236e-15,4.683367724168724e-14,True,5,0.34898157593151424,1.177724584522366e-12
1566,0.66,0.12,selected,True,True,False,35.71218168714939,0.29760151405957824,933.5698386696735,4.11391565048401e-15,2.999001364238842e-14,True,5,0.04827120023953313,4.39648317751562e-14
1567,0.68,0.12,baseline,True,True,False,52.64694744050472,0.43872456200420595,1967.387163975546,3.608178125635907e-15,4.1606988573381156e-14,True,5,0.2785151222988915,8.79296635503124e-14
1567,0.68,0.12,selected,False,False,False,,,,,,,,,
1568,0.7000000000000001,0.12,baseline,True,True,False,123.35864220569954,1.0279886850474962,7551.60464781556,3.351536037049895e-15,3.2627407448115614e-14,True,5,0.21262232891227661,3.141592653589964
1568,0.7000000000000001,0.12,selected,True,True,False,149.5967955139147,1.2466399626159559,10771.745863148828,2.8166439639958653e-15,7.69954754216313e-14,True,3,0.7193263057765868,3.141592653589795
1569,0.72,0.12,baseline,True,True,False,169.45854506795166,1.4121545422329305,16457.52840051435,2.453907233855783e-15,3.099576975244353e-14,True,3,1.255201834074174,3.1415926535897962
1569,0.72,0.12,selected,True,True,False,169.45854506795166,1.4121545422329305,16457.52840051435,2.4728956224269456e-15,3.099576975244353e-14,True,3,1.255201834074174,3.141592653589795
1570,0.74,0.12,baseline,True,True,False,58.41250928052827,0.4867709106710689,2179.785763810106,4.582723123517198e-15,3.1703431887695e-14,True,3,1.358882287814062,1.6364687382974807e-13
1570,0.74,0.12,selected,True,True,False,34.613862930381586,0.28844885775317985,1047.2317443347692,4.3178434702576e-15,7.882654193898649e-14,True,3,0.8829034474810395,1.354028000832841e-12
1571,0.76,0.12,baseline,True,True,False,31.810727283977297,0.26508939403314413,730.1178382013303,1.2476241226769447e-14,1.5346916169424666e-13,True,3,1.470500854058841,9.769962616701378e-14
1571,0.76,0.12,selected,True,True,False,23.89638820217296,0.19913656835144133,500.0148928922382,4.703449271273906e-15,7.078097363186569e-14,True,3,1.0075762598583227,2.4513724383723456e-13
1572,0.78,0.12,baseline,True,True,False,20.625405432487263,0.17187837860406052,436.24896870632506,3.919044031457076e-15,1.757509873342626e-14,True,3,1.592690828016406,5.1958437552457326e-14
1572,0.78,0.12,selected,True,True,False,17.020820612577175,0.14184017177147645,282.28987332755116,1.490867821058642e-14,5.972395842584446e-14,True,3,1.1280143852610518,2.0161650127192843e-13
1573,0.8,0.12,baseline,True,True,False,14.564732971537966,0.12137277476281638,250.41091036556793,2.1212311020913872e-14,9.814271377254004e-14,True,3,1.7298469832155914,2.965405698773793e-13
1573,0.8,0.12,selected,True,True,True,3.5098283615595927,0.029248569679663272,189.94303562727328,2.3251772738125712e-14,6.603596919601962e-14,True,2,1.72984698321559,5.215827769688985e-13
1589,0.4,0.14,baseline,True,True,False,16.162789301161222,0.13468991084301019,345.6756180496463,1.358295881384128e-14,2.608176122349256e-13,True,5,0.03121246658126786,7.576161920042068e-13
1589,0.4,0.14,selected,True,True,False,16.162789301161222,0.13468991084301019,345.6756180496463,1.358295881384128e-14,2.608176122349256e-13,True,5,0.03121246658126786,7.576161920042068e-13
1590,0.42,0.14,baseline,True,True,False,14.685252136794098,0.12237710113995082,258.1618499232192,4.068085965060851e-15,3.78568678327971e-14,True,5,0.09797211739825862,7.283063041541027e-14
1590,0.42,0.14,selected,True,True,False,14.68525213679639,0.12237710113996991,258.161849923475,1.2631539287264216e-14,9.985996120576559e-14,True,5,0.05921624918868318,6.77347067323808e-13
1591,0.44,0.14,baseline,True,True,False,14.075968745746117,0.11729973954788431,232.47660657912874,7.902556356628844e-15,1.190448941725189e-13,True,5,0.16491399897720038,1.389999226830696e-13
1591,0.44,0.14,selected,True,True,False,14.075968745746597,0.1172997395478883,232.47660657919909,1.8864503260462085e-14,9.712801965697274e-14,True,5,0.05418338920775678,2.0694557179012918e-13
1592,0.46,0.14,baseline,True,True,False,13.55249641602823,0.11293747013356858,194.6574845819896,4.8840350038879275e-15,6.197646210598783e-14,True,5,0.23226704009835686,6.483702463810914e-14
1592,0.46,0.14,selected,True,True,False,13.552496416028603,0.1129374701335717,194.657484581996,1.2292304898465746e-14,7.337605225699448e-14,True,5,0.04993885469890813,2.1893598045608087e-13
1593,0.48,0.14,baseline,True,True,False,12.884114466220762,0.10736762055183968,164.02620864845474,5.140872850193228e-15,5.880433547437797e-14,True,5,0.30022611807111454,2.070565940925917e-14
1593,0.48,0.14,selected,True,True,False,12.884114466220602,0.10736762055183835,164.02620864848032,8.114899213883238e-15,5.037398870121604e-14,True,5,0.046310907872261,1.7275070263167436e-13
1594,0.5,0.14,baseline,True,True,False,12.826889758111388,0.10689074798426157,172.29306529507937,3.4174598425963453e-15,4.814153796219322e-14,True,5,0.3693329598460644,9.592326932761353e-14
1594,0.5,0.14,selected,True,True,False,12.826889758111601,0.10689074798426335,172.29306529511774,5.186803467180574e-15,4.244932417282278e-14,True,5,0.19126466528761998,6.483702463810914e-14
1595,0.52,0.14,baseline,True,True,False,12.92364381304182,0.1076970317753485,176.4803203830084,5.556819432496085e-15,4.612199681653579e-14,True,5,0.4397457920234866,7.238654120556021e-14
1595,0.52,0.14,selected,True,True,False,12.923643813041874,0.10769703177534895,176.48032038295406,4.344190941021825e-15,3.45240173764542e-14,True,5,0.18205866881055055,8.307243781757734e-14
1596,0.54,0.14,baseline,True,True,False,12.839291453109585,0.10699409544257987,195.47421495758215,8.511237193040959e-15,7.01908943002782e-14,True,5,0.511597647679225,5.906386491005833e-14
1596,0.54,0.14,selected,True,True,False,12.839291453109531,0.10699409544257943,195.4742149575054,1.0298749250191042e-14,4.273225450521456e-14,True,5,0.17126784741565793,9.370282327836321e-14
1597,0.56,0.14,baseline,True,True,False,13.249612983513295,0.11041344152927746,215.36055653354964,9.614693245998754e-15,7.806225981922787e-14,True,5,0.5849221380601421,4.645173135031655e-13
1597,0.56,0.14,selected,True,True,False,13.249612983512975,0.11041344152927479,215.36055653354964,3.796760861674596e-15,3.471350875115356e-14,True,5,0.15936110336705323,1.1546319456101628e-13
1598,0.58,0.14,baseline,True,True,False,14.130296177364663,0.11775246814470552,236.5696468586293,6.716175446971216e-15,5.3751236356017214e-14,True,5,0.659830542192839,4.707345624410664e-14
1598,0.58,0.14,selected,True,True,False,14.130296177364396,0.1177524681447033,236.56964685853978,4.330225622130344e-15,8.435211690415799e-14,True,5,0.14665445351780715,9.281464485866309e-14
1599,0.6,0.14,baseline,True,True,False,15.24748770976089,0.12706239758134075,262.02056771435025,3.642912691074916e-15,3.8496463708748116e-14,True,5,0.7202891820883108,4.618527782440651e-14
1599,0.6,0.14,selected,True,True,False,15.24748770976085,0.1270623975813404,262.02056771437265,3.820300658137586e-15,4.7871357255271676e-14,True,5,0.1326225365243241,8.215650382226158e-14
1600,0.62,0.14,baseline,True,True,False,16.805304185290897,0.1400442015440908,294.9757019123794,3.9769488165296844e-15,4.6109991727480535e-14,True,5,0.6562826635759338,1.9095836023552692e-13
1600,0.62,0.14,selected,True,True,False,16.805304185289913,0.1400442015440826,294.9757019123922,3.334598795494616e-15,9.252644776907925e-14,True,5,0.11766061568167263,1.2789769243681803e-13
1601,0.64,0.14,baseline,True,True,False,19.106597258851004,0.15922164382375836,336.51078498458844,3.284934228475091e-15,3.6829163018272434e-14,True,5,0.5845332528861338,1.0036416142611415e-13
1601,0.64,0.14,selected,True,True,False,19.106597258850485,0.15922164382375403,336.5107849846236,3.308913981027829e-15,2.4105641521660338e-14,True,5,0.10165315710764844,5.434541705540141e-14
1602,0.66,0.14,baseline,True,True,False,22.571668442278288,0.18809723701898573,375.4765842125849,3.869912639911861e-15,4.065657521436777e-14,True,5,0.5077982075917822,4.75175454539567e-13
1602,0.66,0.14,selected,True,True,False,22.571668442278074,0.18809723701898395,375.47658421377434,3.4171216922763188e-15,2.996426901874799e-14,True,5,0.08443798862041785,2.0961010704922955e-13
1603,0.68,0.14,baseline,True,True,False,28.36789167170366,0.23639909726419717,557.043732561624,3.5047940289411857e-15,3.6918956079486017e-14,True,5,0.4294001374186376,1.474376176702208e-13
1603,0.68,0.14,selected,True,True,False,28.367891671703607,0.23639909726419672,557.043732573544,3.5040246262629928e-15,3.957019384688138e-14,True,5,0.5250585950329292,9.903189379656396e-14
1604,0.7000000000000001,0.14,baseline,True,True,False,39.81358692930899,0.3317798910775749,1006.970672898089,3.1968351000476123e-15,5.0003505443032465e-14,True,5,0.3526083861445004,2.4868995751603507e-13
1604,0.7000000000000001,0.14,selected,True,True,False,39.8135869293092,0.33177989107757666,1006.9706728981786,7.189993335201127e-15,9.726638035468026e-14,True,5,0.02573975772089021,5.275779813018744e-13
1605,0.72,0.14,baseline,True,True,False,73.0735462127233,0.6089462184393608,3274.2486508386646,2.996349048717452e-15,4.9354074958384966e-14,True,5,0.2800654181325761,1.376676550535194e-13
1605,0.72,0.14,selected,True,True,False,69.66366642000821,0.5805305535000684,11789.451020009416,4.5140158187158535e-15,4.353687206217393e-14,True,3,1.2596762625136424,1.1336265259842548e-11
1607,0.76,0.14,baseline,True,True,False,59.736739663836225,0.49780616386530185,2486.381210182696,2.6062544620315457e-15,1.4495216499284113e-14,True,3,1.4757197465912737,1.474376176702208e-13
1607,0.76,0.14,selected,True,True,False,37.04895670738299,0.30874130589485826,1170.4726433131186,5.609802838271758e-15,1.2288354497449156e-13,True,3,0.9508168857805872,2.8421709430404007e-13
1608,0.78,0.14,baseline,True,True,False,29.601403318214825,0.24667836098512352,584.984678620189,1.8061374355467312e-14,8.54918737161453e-14,True,3,1.598522433260024,4.3098857815948577e-13
1608,0.78,0.14,selected,True,True,False,22.504135295583563,0.1875344607965297,480.13659034957004,1.3591626516745782e-14,4.4585306714348874e-14,True,3,1.5985224332600259,2.446931546273845e-13
1609,0.8,0.14,baseline,True,True,False,17.978505080993887,0.14982087567494906,288.770392514495,6.58610333751768e-15,2.5900507854293436e-14,True,3,1.7365835837222001,1.2417844530432376e-13
1609,0.8,0.14,selected,True,True,True,3.6418890366381795,0.030349075305318163,243.88171293631257,2.5250954305540263e-14,7.581754029295772e-14,True,2,1.400748555551556,3.299582829185965e-13
1625,0.4,0.16,baseline,True,True,False,10.549011059963895,0.08790842549969913,241.7804859420862,4.981642589688281e-15,3.7489772026788274e-14,True,5,0.04219505314807215,8.615330671091215e-14
1625,0.4,0.16,selected,True,True,False,10.549011059963842,0.08790842549969868,241.78048594110777,2.3421824979263683e-15,4.834852434963029e-14,True,5,0.04219505314807215,5.995204332975845e-14
1626,0.42,0.16,baseline,True,True,False,10.750386999564157,0.0895865583297013,218.7575208248667,9.139605927660962e-15,1.8090309598885504e-13,True,5,0.10806038549615682,4.929390229335695e-14
1626,0.42,0.16,selected,True,True,False,10.75038699956421,0.08958655832970175,218.75752082832634,1.696719472897835e-14,9.755244212122087e-14,True,5,0.10806038549615682,2.9531932455029164e-13
1627,0.44,0.16,baseline,True,True,False,10.442942370973505,0.08702451975811254,200.06280460912222,3.5783170125443185e-15,4.24693412769531e-14,True,5,0.17478557736611444,4.75175454539567e-14
1627,0.44,0.16,selected,True,True,False,10.442942370973505,0.08702451975811254,200.06280460912222,3.5783170125443185e-15,4.24693412769531e-14,True,5,0.17478557736611444,4.75175454539567e-14
1628,0.46,0.16,baseline,True,True,False,10.458359927257792,0.08715299939381493,186.0157818692997,5.1163133235883814e-15,2.707325658134628e-14,True,5,0.24198832662506664,2.731148640577885e-14
1628,0.46,0.16,selected,True,True,False,10.458359927257899,0.08715299939381582,186.0157818694212,4.571167194997767e-15,4.4680540036877704e-14,True,5,0.20763410589950038,8.970602038971265e-14
1629,0.48,0.16,baseline,True,True,False,10.425169811233772,0.08687641509361477,175.7928393772083,4.163914543352936e-15,6.715046243813782e-14,True,5,0.3098504466895471,1.4377388168895777e-14
1629,0.48,0.16,selected,True,True,False,10.425169811233719,0.08687641509361432,175.79283937727226,2.678664704812658e-15,4.183797030996601e-14,True,5,0.20369530425377835,2.859934511434403e-13
1630,0.5,0.16,baseline,True,True,False,10.438980381345075,0.08699150317787563,168.41714330540896,4.2474193312014904e-15,5.6741128912013716e-14,True,5,0.37854261337780715,1.1901590823981678e-13
1630,0.5,0.16,selected,True,True,False,10.438980381345182,0.08699150317787652,168.41714330545372,4.028289381291902e-15,3.5380713512725107e-14,True,5,0.19687293490566748,7.306515430016702e-05
1631,0.52,0.16,baseline,True,True,False,10.3578259572663,0.0863152163105525,162.92732824078797,5.3438674051099154e-15,4.075509346590859e-14,True,5,0.4484880335846997,8.348877145181177e-14
1631,0.52,0.16,selected,True,True,False,10.3578259572663,0.0863152163105525,162.9273282408711,4.0996826745094515e-15,3.3799807518809503e-14,True,5,0.18755713535938323,5.417888360170764e-14
1632,0.54,0.16,baseline,True,True,False,10.684810400979305,0.08904008667482755,158.25107056727958,3.4085157761878648e-15,3.123888359384182e-14,True,5,0.5199495261824434,6.394884621840902e-14
1632,0.54,0.16,selected,True,True,False,10.684810400979199,0.08904008667482666,158.2510705682708,3.850354650276988e-15,2.3602543321406465e-14,True,5,0.5199495261824438,2.353672812205332e-13
1633,0.56,0.16,baseline,True,True,False,11.077569184228935,0.09231307653524112,157.0091912274613,5.698483974385144e-15,2.9717738192096184e-14,True,5,0.5930778687525899,5.3734794391857577e-14
1633,0.56,0.16,selected,True,True,False,11.077569184228935,0.09231307653524112,157.0091912274613,5.698483974385144e-15,2.9717738192096184e-14,True,5,0.5930778687525899,5.3734794391857577e-14
1634,0.58,0.16,baseline,True,True,False,11.530509232461394,0.09608757693717829,189.0770792847988,3.191770517100301e-15,2.8117554200418055e-14,True,5,0.6680498685532887,9.636735853746359e-14
1634,0.58,0.16,selected,True,True,False,11.530509232461394,0.09608757693717829,189.0770792847988,3.191770517100301e-15,2.8117554200418055e-14,True,5,0.6680498685532887,9.636735853746359e-14
1635,0.6,0.16,baseline,True,True,False,12.136469776088106,0.10113724813406755,224.20490463495213,3.67300240504116e-15,2.3632426395361357e-14,True,5,0.7448917958339625,5.240252676230739e-14
1635,0.6,0.16,selected,True,True,False,12.136469776088106,0.10113724813406755,224.20490463495213,3.67300240504116e-15,2.3632426395361357e-14,True,5,0.7448917958339625,5.240252676230739e-14
1636,0.62,0.16,baseline,True,True,False,13.010725873566127,0.10842271561305106,258.07409653112074,5.271879156568682e-15,3.909252218136673e-14,True,5,0.776605095398831,4.574118861455645e-14
1636,0.62,0.16,selected,True,True,False,13.010725873566074,0.10842271561305061,258.0740965313254,4.433882620607089e-15,9.676842557515701e-14,True,5,0.12322290096081812,1.341149413747189e-13
1637,0.64,0.16,baseline,True,True,False,14.32519891959922,0.11937665766332684,282.85326641102097,2.090715332555169e-15,2.3021591783401335e-14,True,5,0.706805753541925,4.75175454539567e-14
1637,0.64,0.16,selected,True,True,False,14.325198919599234,0.11937665766332695,282.85326641102415,3.829867159113118e-15,2.687351484942695e-14,True,5,0.11520589224388456,6.461498003318411e-14
1638,0.66,0.16,baseline,True,True,False,16.3780390889829,0.1364836590748575,289.5915373732898,2.9823039878883397e-15,2.6623848024000048e-14,True,5,0.6301034721007888,8.126832540256146e-14
1638,0.66,0.16,selected,True,True,False,16.378039088982526,0.13648365907485438,289.59153737333133,3.450549450333429e-15,2.923670565550524e-14,True,5,0.9899067544499731,5.4789506265251475e-14
1639,0.68,0.16,baseline,True,True,False,19.738793379300734,0.16448994482750612,315.26773495582603,2.5547571290699833e-15,2.1041587099963478e-14,True,5,0.5491863253845377,2.7533531010703882e-14
1639,0.68,0.16,selected,True,True,False,19.738793379300308,0.16448994482750257,315.26773495582944,3.4086287812695763e-15,2.793853367359378e-14,True,5,0.09851932244342798,1.3500311979441904e-13
1640,0.7000000000000001,0.16,baseline,True,True,False,25.445804801143197,0.21204837334285997,397.297029608162,3.2830575587039538e-15,3.2554358929685977e-14,True,5,0.46710755084071476,1.0080825063596421e-13
1640,0.7000000000000001,0.16,selected,True,True,False,25.445804801142238,0.21204837334285198,397.297029603003,2.9317298913459533e-15,2.003680108852702e-14,True,5,0.07699077948107913,9.259260025373806e-14
1641,0.72,0.16,baseline,True,True,False,36.391585808660686,0.30326321507217235,770.3518436009858,3.2645560096682685e-15,3.23639163107833e-14,True,5,0.38673945377744534,7.527312106958561e-14
1641,0.72,0.16,selected,True,True,False,36.3915858086595,0.3032632150721625,770.3518436009598,6.256035322619243e-15,2.545846131118071e-14,True,5,0.05273030950627966,1.8673951274195133e-13
1642,0.74,0.16,baseline,True,True,False,67.22274730844717,0.5601895609037264,2921.9109341279236,6.096283305165574e-15,4.810079291829254e-14,True,5,0.3102727152995062,3.1415926535897976
1642,0.74,0.16,selected,False,False,False,,,,,,,,,
1643,0.76,0.16,baseline,True,True,False,120.99997066688358,1.0083330888906965,20387.695456606885,3.956216307540096e-15,2.3906346575021427e-14,True,5,1.485018795095016,6.217248937900877e-14
1643,0.76,0.16,selected,True,True,False,120.99997066688358,1.0083330888906965,20387.695456606885,3.956216307540096e-15,2.3906346575021427e-14,True,5,1.485018795095016,6.039613253960852e-14
1644,0.78,0.16,baseline,True,True,False,47.15427592774447,0.3929522993978706,1514.7128004908081,2.4644704499241884e-14,1.18689888145759e-13,True,3,1.6086422415854178,2.866595849582154e-13
1644,0.78,0.16,selected,True,True,True,2.3620635558782066,0.01968386296565172,160.203638528807,3.125032540061609e-14,1.0970790253270374e-13,True,2,1.6086422415854194,2.498001805406602e-13
1645,0.8,0.16,baseline,True,True,False,22.37889971964941,0.18649083099707842,790.870707185691,3.9128963533282665e-15,2.7418717908632037e-14,True,3,1.7480573293159296,4.825168042899008e-13
1645,0.8,0.16,selected,True,True,True,4.7914587315591435,0.03992882276299286,790.8707071870192,2.5193135275957664e-14,7.031475411730359e-14,True,2,1.3717230247943073,4.780481566157846e-13
1671,0.6,0.18,baseline,True,True,False,10.411447085369971,0.08676205904474976,262.34732180497673,4.496167663828899e-15,4.013701934003969e-14,True,5,0.7569000127978871,6.705747068735946e-14
1671,0.6,0.18,selected,True,True,False,10.411447085370131,0.0867620590447511,262.34732180506626,3.1637703941609514e-15,1.1769546467611747e-14,True,5,0.13282683893579605,6.838973831690964e-14
1672,0.62,0.18,baseline,True,True,False,11.19129824567148,0.093260818713929,320.28954429570007,7.41548004954088e-15,1.1471647204357591e-13,True,5,0.8359801255149031,2.353672812205332e-13
1672,0.62,0.18,selected,True,True,False,11.19129824567148,0.093260818713929,320.28954429570007,7.41548004954088e-15,1.1471647204357591e-13,True,5,0.8359801255149031,2.353672812205332e-13
1673,0.64,0.18,baseline,True,True,False,12.220610178959745,0.10183841815799788,360.06215946812824,2.3557928023801794e-15,1.8681690964036094e-14,True,5,0.797681822400536,1.9406698470447736e-13
1673,0.64,0.18,selected,True,True,False,12.220610178959745,0.10183841815799788,360.06215946812824,2.3557928023801794e-15,1.8681690964036094e-14,True,5,0.797681822400536,1.9406698470447736e-13
1674,0.66,0.18,baseline,True,True,False,13.608069780692844,0.1134005815057737,396.29825219131976,7.591137245500282e-15,6.583647547591336e-14,True,5,0.722817935112003,8.14071032806396e-14
1674,0.66,0.18,selected,True,True,False,13.608069780692631,0.11340058150577192,396.29825219128776,1.0153705049141958e-14,1.082945257649131e-13,True,5,0.11545529967997137,4.2366110619695974e-13
1675,0.68,0.18,baseline,True,True,False,15.666833631106964,0.13055694692589137,425.7782197098379,3.4866129422366675e-15,1.5305120093719034e-14,True,5,0.642149310079402,4.1300296516055823e-14
1675,0.68,0.18,selected,True,True,False,15.666833631106858,0.13055694692589048,425.7782197098699,3.0496103207543623e-15,2.2590430987657895e-14,True,5,0.08034374985044224,4.3520742565306136e-14
1676,0.7000000000000001,0.18,baseline,True,True,False,18.805302232939276,0.15671085194116063,417.59616985974264,2.5658524746940005e-15,1.474601810647032e-14,True,5,0.5582097112824531,6.195044477408373e-14
1676,0.7000000000000001,0.18,selected,True,True,False,18.805302232939276,0.15671085194116063,417.5961698597778,3.292166969494957e-15,2.2030341233802696e-14,True,5,0.09409923171402212,1.2168044349891716e-13
1677,0.72,0.18,baseline,True,True,False,24.354941325976682,0.20295784438313902,379.2144964616806,5.104555220251636e-15,4.331006460619109e-14,True,5,0.4736590135544301,7.016609515630989e-14
1677,0.72,0.18,selected,True,True,False,24.354941325976135,0.20295784438313447,379.2144964616597,5.329215076529745e-15,2.914412638976098e-14,True,5,0.10209062370854305,2.5435209494162336e-13
1678,0.74,0.18,baseline,True,True,False,37.256626891420375,0.31047189076183646,879.2029879086002,4.1026177199414776e-15,6.267641833260328e-14,True,5,0.3907673223794328,1.7763568394002505e-13
1678,0.74,0.18,selected,True,True,False,37.25662689141952,0.31047189076182935,879.202987908517,7.509935091891957e-15,4.3814791338407994e-14,True,5,0.05073160462452542,7.807088309164101e-13
1679,0.76,0.18,baseline,True,True,False,94.80422706612465,0.7900352255510388,4178.670517952689,6.0463850833647924e-15,2.2261673739157865e-14,True,5,0.3108715534178934,3.1415926535897976
1679,0.76,0.18,selected,True,True,False,15.546501918846118,0.129554182657051,2538.786130052166,1.773206064081947e-14,1.3442850591137943e-13,True,3,1.4988232945575375,7.466249840604178e-14
1680,0.78,0.18,baseline,True,True,False,101.27675983335936,0.843972998611328,4863.410864141865,2.1839317305161376e-14,9.34491685902517e-14,True,3,1.6234331694257762,3.1415926535899734
1680,0.78,0.18,selected,True,True,True,2.4810405945879843,0.020675338288233203,160.66764266235793,3.6933609328561016e-14,7.08667201275245e-14,True,2,0.6845984722791902,2.319255898441952e-13
1709,0.64,0.2,baseline,True,True,False,13.741187448768972,0.1145098954064081,587.5757026858328,8.822606453444159e-15,4.5711391131478195e-14,True,5,0.8652192769352745,6.128431095930864e-14
1709,0.64,0.2,selected,True,True,False,11.689292990640894,0.09741077492200745,420.97526775292914,4.164168926362728e-15,3.124324572428282e-14,True,5,0.06420416668537143,4.440892098500626e-14
1710,0.66,0.2,baseline,True,True,False,17.673844247481263,0.1472820353956772,878.6371577692876,4.4312539242289536e-15,2.3577728631759705e-14,True,5,0.7926035640337838,7.993605777301127e-14
1710,0.66,0.2,selected,True,True,False,13.02847503117981,0.10857062525983174,504.1921145326363,2.520719752872653e-15,1.490535514295125e-14,True,5,0.7350000884607999,2.4580337765200966e-13
1711,0.68,0.2,baseline,True,True,False,19.13475455710678,0.15945628797588984,903.5070455078145,5.2619330338278404e-15,2.7146316563148754e-14,True,5,0.7132941012495095,4.085620730620576e-14
1711,0.68,0.2,selected,True,True,False,14.927049012240587,0.1243920751020049,512.0677793401054,3.2823241931445768e-15,1.388315643102237e-14,True,5,1.1068888978613696,3.4283687000424834e-13
1712,0.7000000000000001,0.2,baseline,True,True,False,18.821875672038228,0.15684896393365189,691.5374077262935,5.8866035989688405e-15,2.9237798053134334e-14,True,5,0.6292516000314521,5.260236690673992e-13
1712,0.7000000000000001,0.2,selected,True,True,False,17.817516876665724,0.1484793073055477,475.3891686100104,2.594812341110196e-15,1.3864653639031435e-14,True,5,0.7594084041148292,8.029132914089132e-13
1713,0.72,0.2,baseline,True,True,False,19.22160187152592,0.16018001559604933,540.5059588073802,6.881815727296095e-15,3.187305488755042e-14,True,5,0.5427060257720235,1.0391687510491465e-13
1713,0.72,0.2,selected,True,True,False,19.22160187152352,0.16018001559602935,540.5059588073769,3.358883388005667e-15,1.81676938177912e-14,True,5,0.46842497759939583,8.597567102697212e-13
1714,0.74,0.2,baseline,True,True,False,26.301634157709106,0.21918028464757588,439.0074584637489,8.817715292004272e-15,5.007609549034206e-14,True,5,0.45568069450493187,1.1102230246251565e-13
1714,0.74,0.2,selected,True,True,False,26.301634157710225,0.2191802846475852,439.00745846372973,2.7109682159298164e-15,1.625117987543911e-14,True,5,0.07384686506423233,7.549516567451064e-14
1715,0.76,0.2,baseline,True,True,False,45.245585901619684,0.377046549180164,1298.10848400939,8.280330693406113e-15,3.763220120841623e-14,True,5,0.36930685937679897,1.0169642905566434e-13
1715,0.76,0.2,selected,True,True,False,45.2455859016208,0.37704654918017333,1298.1084840094156,1.1985589020981245e-14,3.8387327329106196e-14,True,5,0.04137886788086664,1.2601031329495527e-13
1716,0.78,0.2,baseline,True,True,False,105.7612073504204,0.8813433945868367,17175.023917140003,1.8528088925715598e-14,8.1222209569071e-14,True,3,1.6432724790723436,3.2085445411667024e-13
1716,0.78,0.2,selected,True,True,True,2.6357336352543426,0.021964446960452855,161.09181485237735,3.1434509738104775e-14,6.384350535390428e-14,True,2,0.6637573987995173,2.205124971510486e-12
1743,0.6,0.22,baseline,True,True,False,10.15860719996736,0.084655059999728,468.161743979627,7.840299179304084e-15,4.5900974774207625e-14,True,5,0.7929587212691327,1.0746958878371515e-13
1743,0.6,0.22,selected,True,True,True,9.636702991561581,0.08030585826301317,422.54864987177643,2.44312138127538e-15,1.2625715596005838e-14,True,5,0.0727725343412926,8.596962031148792e-11
1744,0.62,0.22,baseline,True,True,False,16.234564585579285,0.1352880382131607,735.6090836616858,8.953012560776344e-15,7.975414814135383e-14,True,5,0.8714684502438832,4.409805853811122e-13
1744,0.62,0.22,selected,True,True,False,12.634937126719926,0.10529114272266604,557.5494220977927,4.154445063979142e-15,2.885883930838901e-14,True,5,0.871468450243883,1.3677947663381929e-13
1745,0.64,0.22,baseline,True,True,False,40.65501228194119,0.3387917690161766,2081.3892391506797,4.86633687656182e-15,3.203990048569887e-14,True,5,0.9152734339855497,4.176659018639839e-13
1745,0.64,0.22,selected,True,True,False,20.454943899022275,0.17045786582518563,973.8337280320223,3.9417803616308286e-15,2.632778635260398e-14,True,5,0.9529805900463344,8.970602038971265e-14
1746,0.66,0.22,baseline,False,False,False,,,,,,,,,
1746,0.66,0.22,selected,True,True,False,134.5917795890707,1.1215981632422558,22327.568192684743,6.840552923617362e-15,4.1450854294103704e-14,True,3,0.8447058050194185,0.006522318247280334
1747,0.68,0.22,baseline,True,True,False,64.89763404978012,0.540813617081501,4078.406775691788,9.18638274464885e-15,5.112398006141061e-14,True,5,0.7669846548419033,1.1257661469699087e-13
1747,0.68,0.22,selected,True,True,False,27.488624063334807,0.2290718671944567,1228.1973557632007,4.831065041795885e-15,2.8099447567472946e-14,True,5,0.7167177362899606,5.861977570020827e-14
1748,0.7000000000000001,0.22,baseline,True,True,False,33.07289263647102,0.27560743863725845,1426.2842348341728,1.1666325816379066e-14,6.181554596709044e-14,True,5,0.6835440634604266,1.3855583347321954e-13
1748,0.7000000000000001,0.22,selected,True,True,False,21.1932456509383,0.17661038042448585,912.9057270995752,2.336913980082375e-15,1.7980227656514708e-14,True,5,0.6874684601827958,6.750155989720952e-13
1749,0.72,0.22,baseline,True,True,False,24.04837024742644,0.20040308539522034,854.6910370445969,5.162537064506978e-15,3.29219703408241e-14,True,5,0.5961056836211043,9.059419880941277e-14
1749,0.72,0.22,selected,True,True,False,18.638925861234785,0.15532438217695654,545.3037274328481,1.658734133606456e-14,7.840507833942749e-14,True,5,0.5456559352118253,2.113864638886298e-13
1750,0.74,0.22,baseline,True,True,False,20.07711941071932,0.167309328422661,530.3945085760979,3.4528650028251532e-15,7.321825890733366e-14,True,5,0.5062269645004491,5.728750807065808e-14
1750,0.74,0.22,selected,True,True,False,20.07711941071932,0.167309328422661,530.3945085760979,3.4528650028251532e-15,7.321825890733366e-14,True,5,0.5062269645004491,5.728750807065808e-14
1751,0.76,0.22,baseline,True,True,False,30.66899391692072,0.25557494930767266,744.2208372489432,5.146171147492085e-15,1.746848486688017e-14,True,5,0.41442169415593444,6.505906924303417e-14
1751,0.76,0.22,selected,True,True,False,30.668993916920293,0.2555749493076691,744.2208372487003,1.635952806225932e-14,1.4687807065508835e-13,True,5,0.18560769617803974,1.5720758028692217e-13
1752,0.78,0.22,baseline,True,True,False,71.53679403796073,0.5961399503163394,3004.0141574844865,2.3025152966685678e-14,1.0087625500526311e-13,True,5,0.31732264469240157,4.94770890924201e-13
1752,0.78,0.22,selected,True,True,True,2.8413276449161717,0.02367773037430143,160.53907463511905,1.8026386324962415e-14,4.98894061870109e-14,True,2,1.668373288502075,2.113864638886298e-13
1779,0.6,0.24,baseline,True,True,False,12.040192484865493,0.10033493737387911,499.0532031893082,3.6909697986596355e-15,3.198547403831967e-14,True,5,0.8171272704929049,2.113864638886298e-13
1779,0.6,0.24,selected,True,True,False,11.986121566267585,0.0998843463855632,510.57983190555166,1.87277957005191e-14,8.75280979546604e-13,True,5,0.06194127584730591,1.6830981053317373e-13
1780,0.62,0.24,baseline,True,True,False,22.13589431609604,0.184465785967467,893.5946595528975,5.742990116970452e-15,3.709055733298918e-14,True,5,0.8952503036946817,1.0338396805309458e-12
1780,0.62,0.24,selected,True,True,False,22.135894316095346,0.18446578596746122,893.5946595562613,3.049705049252278e-15,1.6244749426965975e-14,True,5,0.03457500805028957,4.098943406916078e-13
1781,0.64,0.24,baseline,False,False,False,,,,,,,,,
1781,0.64,0.24,selected,True,True,False,112.7876266389225,0.9398968886576875,20807.43228891399,9.231556188810066e-15,5.199346873338308e-14,True,5,0.9519002774382379,0.4074742649046357
1782,0.66,0.24,baseline,False,False,False,,,,,,,,,
1782,0.66,0.24,selected,True,True,False,23.66257342832343,0.19718811190269525,741.0187559805582,1.3510010393392684e-14,7.13407052825579e-14,True,3,0.8829473814746764,2.8199664825478976e-13
1783,0.68,0.24,baseline,False,False,False,,,,,,,,,
1783,0.68,0.24,selected,False,False,False,,,,,,,,,
1784,0.7000000000000001,0.24,baseline,True,True,False,123.63316163022076,1.0302763469185063,10330.2854904367,1.897158057450664e-14,1.0160632596606558e-13,True,5,0.7238596944841884,3.1415926535898406
1784,0.7000000000000001,0.24,selected,False,False,False,,,,,,,,,
1785,0.72,0.24,baseline,True,True,False,38.56652291065678,0.3213876909221398,1094.1892659949128,2.3942703438560583e-15,1.314255485279727e-14,True,5,0.6358833304312732,3.832004158432767e-14
1785,0.72,0.24,selected,True,True,False,25.764986147384246,0.2147082178948687,941.0506004373793,2.275957200481571e-15,1.3571466089653174e-14,True,5,0.5914269724706225,1.13464793116691e-13
1786,0.74,0.24,baseline,True,True,False,22.450754794842116,0.18708962329035095,756.6484893749354,5.639506780706364e-15,3.703670615532056e-14,True,5,0.5435930990136031,2.5224267119483557e-13
1786,0.74,0.24,selected,True,True,False,19.814211967965196,0.16511843306637664,572.7922689090251,5.947729080792496e-15,3.3621052961021114e-14,True,5,0.5005387363245513,3.5571545708990016e-13
1787,0.76,0.24,baseline,True,True,False,22.815054337232645,0.19012545281027204,634.2454603350145,1.1503974603872156e-14,4.77736955385653e-14,True,5,0.44633782325877736,1.56097357262297e-13
1787,0.76,0.24,selected,True,True,False,22.815054337203655,0.19012545281003046,634.2454603349665,2.2463642087712157e-14,1.1006703364123682e-13,True,5,0.27881277384156444,1.438849039914203e-13
1788,0.78,0.24,baseline,True,True,False,40.57836289561289,0.3381530241301074,1424.7926760367889,1.9402417955234224e-14,5.349216674472343e-14,True,5,0.3354064019341738,2.8843594179761567e-13
1788,0.78,0.24,selected,True,True,True,3.1261554360361776,0.02605129530030148,207.03213916135743,3.417477031010632e-14,9.288139448197947e-14,True,2,1.337173865517781,4.2221781626494703e-13
1815,0.6,0.26,baseline,True,True,False,13.913807333878356,0.1159483944489863,411.9362640484056,1.0166121337446528e-14,8.341199568640666e-14,True,5,0.8451141758983485,2.0694557179012918e-13
1815,0.6,0.26,selected,True,True,False,13.913807333879795,0.1159483944489983,411.9362640484056,5.674369320219082e-15,3.478962767645198e-14,True,5,0.3234495449647703,2.402522625288839e-13
1816,0.62,0.26,baseline,True,True,False,25.13766973897951,0.2094805811581626,942.2610382124219,3.7653586653333674e-15,2.553852881686011e-14,True,5,0.9230441435485945,6.394884621840902e-14
1816,0.62,0.26,selected,True,True,False,25.137669738979405,0.2094805811581617,942.2610382126923,2.2761264355043338e-15,1.6125751731396507e-14,True,5,0.9230441435485945,1.0103029524088925e-13
1817,0.64,0.26,baseline,True,True,False,125.72526461740267,1.0477105384783556,9737.368901732047,5.367098749996222e-15,3.613764727627085e-14,True,5,0.9778652174184437,3.141592653589796
1817,0.64,0.26,selected,True,True,False,125.72526461743246,1.0477105384786038,9737.368901739188,3.4512191673469332e-15,2.1010906384611215e-14,True,5,1.004097931828042,3.141592653589829
1818,0.66,0.26,baseline,False,False,False,,,,,,,,,
1818,0.66,0.26,selected,True,True,False,46.73029473722502,0.3894191228102085,1858.52101890493,8.12835667894629e-15,5.130808934455492e-14,True,3,0.9100186794895535,1.6697754290362354e-13
1819,0.68,0.26,baseline,False,False,False,,,,,,,,,
1819,0.68,0.26,selected,True,True,False,32.344830690557494,0.2695402557546458,1187.0046377219696,2.505546097505419e-15,1.6199390465439782e-14,True,3,0.8346500822311977,1.4432899320127035e-13
1820,0.7000000000000001,0.26,baseline,False,False,False,,,,,,,,,
1820,0.7000000000000001,0.26,selected,True,True,False,165.81870757479737,1.3818225631233114,26173.376370435803,4.556312550356801e-15,2.6131816460553338e-14,True,3,0.789300636104568,4.384270724244743e-13
1821,0.72,0.26,baseline,True,True,False,85.31411970967243,0.7109509975806035,4688.431264192268,2.7031779079445754e-15,1.7875157129264975e-14,True,5,0.6636181370881546,3.1415926535898806
1821,0.72,0.26,selected,True,True,False,85.31411970967262,0.7109509975806052,4688.431264192093,7.017771025467605e-15,5.3654855776401144e-14,True,5,1.3735228644759467,3.141592653589878
1822,0.74,0.26,baseline,True,True,False,29.98695193023584,0.24989126608529866,1110.2801401550134,1.2425573238033121e-14,6.939247561177531e-14,True,5,0.5686012343645954,1.7186252421197423e-13
1822,0.74,0.26,selected,True,True,False,23.292231469648534,0.1941019289137378,784.9534790888683,1.0730787978101017e-14,7.89741995345305e-14,True,5,0.06973459603424459,3.7925218521195347e-13
1823,0.76,0.26,baseline,True,True,False,21.125183394094496,0.17604319495078746,767.072963135535,7.962126022200714e-15,3.749945571691918e-14,True,3,0.4643979395742983,1.550426453889031e-13
1823,0.76,0.26,selected,True,True,False,21.125183394094496,0.17604319495078746,767.072963135535,7.962126022200714e-15,3.749945571691918e-14,True,3,0.4643979395742983,1.550426453889031e-13
1824,0.78,0.26,baseline,True,True,False,25.25857156672462,0.21048809638937183,547.5980968869663,1.898692367684087e-14,5.5043019453285747e-14,True,5,0.31836272390780795,2.696731726814505e-13
1824,0.78,0.26,selected,True,True,True,4.144248721649596,0.03453540601374663,411.5937998666751,2.6381889979346165e-14,8.073672467855291e-14,True,2,1.735516532716874,2.3303581286882036e-13
1851,0.6,0.28,baseline,True,True,False,13.622774720768795,0.1135231226730733,531.7276778679301,6.401196382302692e-15,4.061100818649997e-14,True,5,0.8765415840124635,3.6060043839825084e-13
1851,0.6,0.28,selected,True,True,False,13.622774720767037,0.11352312267305864,531.7276778677701,4.036408918523774e-15,2.209535262289227e-14,True,5,0.08857358097989732,9.747758156208874e-14
1852,0.62,0.28,baseline,True,True,False,22.03026942321463,0.18358557852678858,968.0976961666232,1.0528001189373077e-14,5.922715837054025e-14,True,5,0.9545293206094292,1.0658141036401503e-13
1852,0.62,0.28,selected,True,True,False,22.03026942321463,0.18358557852678858,968.0976961666232,1.0528001189373077e-14,5.922715837054025e-14,True,5,0.9545293206094292,6.750155989720952e-13
1853,0.64,0.28,baseline,True,True,False,51.25495570795682,0.42712463089964015,2938.772293722188,1.4246399199214207e-14,7.709896402033005e-14,True,5,0.9950358148082739,1.5987211554602254e-13
1853,0.64,0.28,selected,True,True,False,51.254955707958096,0.4271246308996508,2938.772293722431,2.581119304415107e-15,2.0894494356695157e-14,True,5,0.025486464429341993,1.8474111129762605e-13
1854,0.66,0.28,baseline,False,False,False,,,,,,,,,
1854,0.66,0.28,selected,True,True,False,146.7579858383802,1.222983215319835,24701.462108843774,3.07786682792676e-15,2.3457846889965454e-14,True,5,1.1205854879581696,5.062616992290714e-14
1855,0.68,0.28,baseline,False,False,False,,,,,,,,,
1855,0.68,0.28,selected,False,False,False,,,,,,,,,
1856,0.7000000000000001,0.28,baseline,False,False,False,,,,,,,,,
1856,0.7000000000000001,0.28,selected,True,True,False,44.99314186197874,0.3749428488498229,2001.4767374688474,4.6141087955567604e-15,3.2973738117873786e-14,True,3,0.7703667084695383,2.5224267119483557e-13
1857,0.72,0.28,baseline,False,False,False,,,,,,,,,
1857,0.72,0.28,selected,True,True,False,158.77548513534902,1.3231290427945752,30377.477515780025,8.720199377321032e-15,5.1746847483380755e-14,True,5,1.407074074344039,2.772360119251971e-11
1858,0.74,0.28,baseline,True,True,False,37.918352387012604,0.3159862698917717,2290.3213615393406,2.4660012810218863e-14,1.3174798211972951e-13,True,5,0.5813721177936095,1.8185453143360064e-13
1858,0.74,0.28,selected,True,True,False,25.626932025186058,0.21355776687655048,1387.6494695390093,3.1856678799765905e-14,2.3552562783793936e-13,True,3,0.0516788526650096,5.914158052178209e-13
1859,0.76,0.28,baseline,True,True,False,25.84549188930157,0.21537909907751307,643.8474012443891,1.8890274298481985e-14,5.502245581290135e-14,True,3,0.46553755419948484,1.5060175329040248e-13
1859,0.76,0.28,selected,True,True,True,2.6696550422513265,0.022247125352094388,151.49382198687542,2.2337462395537848e-14,4.9396256583164795e-14,True,2,1.6396271575431904,2.544631172440859e-13
1887,0.6,0.3,baseline,True,True,False,13.333191238242499,0.11110992698535416,482.8845555308561,5.0758566197278156e-15,3.244374069700081e-14,True,5,0.9114136504612806,5.773159728050814e-14
1887,0.6,0.3,selected,True,True,False,13.333191238241634,0.11110992698534694,482.88455553094246,4.465974754079362e-15,2.6336564270996404e-14,True,5,0.10636854749508196,1.6364687382974807e-13
1888,0.62,0.3,baseline,True,True,False,18.158055457863753,0.15131712881553128,699.5732146485636,7.938870967844446e-15,4.8267270562023654e-14,True,5,0.9894705907003907,9.14823772291129e-14
1888,0.62,0.3,selected,True,True,False,18.158055457790827,0.15131712881492354,699.5732146401097,6.26169722837292e-15,4.1583304228526526e-14,True,5,0.9894705907003909,6.226130722097878e-13
1889,0.64,0.3,baseline,True,True,False,33.82495639078545,0.28187463658987877,1212.2993268811158,1.2461480722126106e-14,7.231120107212603e-14,True,5,1.0046452387109523,1.5187850976872141e-13
1889,0.64,0.3,selected,True,True,False,33.82495639078545,0.28187463658987877,1212.2993268811158,1.2461480722126106e-14,7.231120107212603e-14,True,5,1.0046452387109523,1.5276668818842154e-13
1890,0.66,0.3,baseline,True,True,False,83.91417753312489,0.6992848127760407,5117.438453355796,1.9347925804038254e-14,1.0680928422642051e-13,True,5,0.6664286269403688,2.575717417130363e-13
1890,0.66,0.3,selected,True,True,False,14.562326345283871,0.12135271954403226,1773.8927893291277,4.258468780718043e-15,3.097103285982586e-14,True,3,0.9084195378049342,3.232969447708456e-13
1891,0.68,0.3,baseline,False,False,False,,,,,,,,,
1891,0.68,0.3,selected,True,True,False,168.51178387712795,1.404264865642733,32585.1216035541,4.4454000914842915e-15,2.8190994263693007e-14,True,5,0.20214313969038855,1.326938559031987e-12
1892,0.7000000000000001,0.3,baseline,False,False,False,,,,,,,,,
1892,0.7000000000000001,0.3,selected,False,False,False,,,,,,,,,
1893,0.72,0.3,baseline,False,False,False,,,,,,,,,
1893,0.72,0.3,selected,True,True,False,176.34829239655838,1.4695691033046532,37561.724304800766,2.4050490551701536e-14,1.2875386515807946e-13,True,5,0.741909792411585,3.2363001167823313e-13
1894,0.74,0.3,baseline,True,True,False,41.78454444870962,0.34820453707258014,1170.504719601501,8.525255061832915e-15,4.529089930166375e-14,True,3,0.5806460280014409,1.7486012637846216e-13
1894,0.74,0.3,selected,True,True,False,33.10926120948832,0.2759105100790693,1148.174087132297,9.135084789881328e-15,4.539169531698787e-14,True,3,0.549535353694611,2.3447910280083306e-13
1895,0.76,0.3,baseline,False,False,False,,,,,,,,,
1895,0.76,0.3,selected,True,True,True,2.9809357910668277,0.024841131592223564,205.18161966480753,3.622868207981091e-14,9.16753017882045e-14,True,2,1.2572338143503217,3.875233467454109e-13
1923,0.6,0.32,baseline,True,True,False,13.675893500964396,0.1139657791747033,402.29199621670233,4.562057578661872e-15,2.995198250500489e-14,True,5,0.9500399283899983,5.595524044110789e-14
1923,0.6,0.32,selected,True,True,False,13.675893500964396,0.1139657791747033,402.29199621670233,4.562057578661872e-15,2.995198250500489e-14,True,5,0.9500399283899983,8.526512829121202e-14
1924,0.62,0.32,baseline,True,True,False,18.69290476208839,0.15577420635073658,571.925403612373,7.239045753053295e-15,4.475441385163745e-14,True,5,1.0279629379173674,3.383959779057477e-13
1924,0.62,0.32,selected,True,True,False,18.692904762023723,0.15577420635019767,571.9254036118614,4.901119121014644e-15,3.173422452174371e-14,True,5,0.09976002875736789,5.051514762044462e-14
1925,0.64,0.32,baseline,True,True,False,26.572445782426257,0.22143704818688548,1082.9493466659414,1.1901285301597255e-14,7.055007967311462e-14,True,5,1.0074540870985356,1.5898393712632242e-13
1925,0.64,0.32,selected,True,True,False,26.572445782426364,0.22143704818688636,1082.9493466659542,2.4279387088187486e-15,1.9123891203377673e-14,True,5,0.07223855914118715,3.019806626980426e-14
1926,0.66,0.32,baseline,True,True,False,41.32523904629272,0.3443769920524393,1791.726159800101,7.969089305447799e-15,5.237557755389327e-14,True,5,0.7526607538934993,8.615330671091215e-13
1926,0.66,0.32,selected,True,True,False,41.32523904629283,0.3443769920524402,1791.7261598001458,6.724872978883937e-15,4.144660989317467e-14,True,5,1.195875288654976,4.076738946423575e-13
1927,0.68,0.32,baseline,True,True,False,100.7862859512251,0.8398857162602091,7739.745265051429,4.557326905135504e-15,5.6791687453826134e-14,True,5,0.48434311924821216,1.4299672557172016e-13
1927,0.68,0.32,selected,True,True,False,17.08970993498844,0.142414249458237,2557.3226680747807,2.0881418076777764e-14,1.1572243880725095e-13,True,3,0.6141423621234869,1.603162047558726e-13
1928,0.7000000000000001,0.32,baseline,False,False,False,,,,,,,,,
1928,0.7000000000000001,0.32,selected,True,True,False,99.50204795601805,0.829183732966817,18914.781370327342,6.25775905362589e-15,3.7340156054257385e-14,True,5,0.7780583800867618,1.1368683772161603e-13
1929,0.72,0.32,baseline,False,False,False,,,,,,,,,
1929,0.72,0.32,selected,False,False,False,,,,,,,,,
1930,0.74,0.32,baseline,False,False,False,,,,,,,,,
1930,0.74,0.32,selected,True,True,False,45.875443808301235,0.38229536506917694,1330.4467918544483,7.047566425496911e-15,1.9917275163386006e-14,True,3,0.6452834022206462,4.551914400963142e-14
1959,0.6,0.34,baseline,True,True,False,13.058689736964517,0.10882241447470431,383.32427034462313,1.4915568467607273e-14,8.651513598060332e-14,True,5,0.9925934801618954,2.0250467969162855e-13
1959,0.6,0.34,selected,True,True,False,13.058689736964517,0.10882241447470431,383.32427034462313,1.4915568467607273e-14,8.651513598060332e-14,True,5,0.9925934801618954,1.1368683772161603e-13
1960,0.62,0.34,baseline,True,True,False,16.314508191739918,0.13595423493116598,562.0429381671642,8.182577181465102e-15,5.095454800856597e-14,True,5,1.064967731858074,1.0302869668521453e-13
1960,0.62,0.34,selected,True,True,False,16.314508191739918,0.13595423493116598,562.0429381671642,8.182577181465102e-15,5.095454800856597e-14,True,5,1.064967731858074,3.8813396940895473e-13
1961,0.64,0.34,baseline,True,True,False,23.65392064718698,0.19711600539322482,816.4735217113133,1.447149202427699e-14,8.568972521114759e-14,True,5,1.0038337045486907,7.682743330406083e-13
1961,0.64,0.34,selected,True,True,False,23.65392064716998,0.19711600539308316,816.4735217114924,1.0955904821007917e-14,5.334012188890727e-14,True,5,0.09699411665998703,8.970602038971265e-13
1962,0.66,0.34,baseline,True,True,False,36.91722742383501,0.30764356186529174,1363.5134979756785,1.200325159144935e-14,7.500284683616285e-14,True,5,0.7920933364778726,6.687983500341943e-13
1962,0.66,0.34,selected,True,True,False,36.917227423835115,0.3076435618652926,1363.5134979757293,3.533825455848276e-15,1.9553695313671183e-14,True,5,0.071280864629653,5.928590951498336e-14
1963,0.68,0.34,baseline,True,True,False,55.53267280303306,0.4627722733586088,2141.1964627414663,9.892828516353741e-15,6.293112190996323e-14,True,5,0.5608662655489773,1.341149413747189e-13
1963,0.68,0.34,selected,False,False,False,,,,,,,,,
1964,0.7000000000000001,0.34,baseline,True,True,False,126.82418931954463,1.0568682443295385,8422.75461176026,2.3071278590443957e-14,1.28690192642996e-13,True,5,0.3716161151513413,3.532729664357248e-13
1964,0.7000000000000001,0.34,selected,True,True,False,24.652393176438718,0.20543660980365597,4030.3330933575266,2.4346877048263932e-14,1.369684032945282e-13,True,3,0.7407218481186506,3.717026686445024e-13
1965,0.72,0.34,baseline,False,False,False,,,,,,,,,
1965,0.72,0.34,selected,True,True,False,10.13024440136868,0.084418703344739,459.4299415383375,2.2779669000052738e-14,1.234591002869456e-13,True,3,1.538002047089162,7.766703946643361e-14
1966,0.74,0.34,baseline,False,False,False,,,,,,,,,
1966,0.74,0.34,selected,True,True,True,6.615055520853868,0.05512546267378224,379.7824505964895,1.8815926218096176e-14,4.357666253480193e-14,True,2,1.6566425940445282,4.670423769947973e-12
1995,0.6,0.36,baseline,True,True,False,13.16223213331476,0.109685267777623,384.0760247984207,1.603138597385659e-14,9.262004145242753e-14,True,5,1.039114124022167,7.283063041541027e-14
1995,0.6,0.36,selected,True,True,False,13.16223213331476,0.109685267777623,384.0760247984207,1.603138597385659e-14,9.262004145242753e-14,True,5,1.039114124022167,1.2434497875801753e-13
1996,0.62,0.36,baseline,True,True,False,16.700107939881192,0.1391675661656766,500.2447638787345,1.0759573380440998e-14,6.607654034547459e-14,True,5,1.0565702642529393,1.3145040611561853e-13
1996,0.62,0.36,selected,True,True,False,16.700107939881192,0.1391675661656766,500.2447638787345,1.0759573380440998e-14,6.607654034547459e-14,True,5,1.0565702642529393,2.007283228522283e-13
1997,0.64,0.36,baseline,True,True,False,21.875446043032944,0.1822953836919412,664.0827257354474,1.919722970134747e-14,1.1286417337561781e-13,True,5,0.9937776268406893,1.163513729807164e-13
1997,0.64,0.36,selected,True,True,False,21.875446043023512,0.1822953836918626,664.0827257342997,1.8646211398362614e-14,1.0677166649493616e-13,True,5,1.1993086467278637,2.1893598045608087e-13
1998,0.66,0.36,baseline,True,True,False,27.76144604991643,0.23134538374930358,1127.0027975557298,2.2166194213805863e-14,1.3104013365104376e-13,True,5,0.7986438835621206,4.787281682183675e-13
1998,0.66,0.36,selected,True,True,False,27.76144604990969,0.2313453837492474,1127.0027975579937,1.71222883942072e-14,9.733918658819438e-14,True,5,1.2869148354285347,2.1249668691325496e-13
1999,0.68,0.36,baseline,True,True,False,39.51702063350698,0.32930850527922484,1186.7821059620355,2.6423307986078726e-14,1.529005524978361e-13,True,5,0.6021303257690063,1.8252066524837574e-13
1999,0.68,0.36,selected,True,True,False,39.517020633506874,0.32930850527922395,1186.7821059619714,2.2044358123014116e-14,1.2080228477354367e-13,True,5,0.6080323138151646,1.4444001550373287e-13
2000,0.7000000000000001,0.36,baseline,True,True,False,64.53580558712763,0.5377983798927302,3037.569066624573,1.0446315224274733e-14,6.568429108689205e-14,True,5,0.43015961585319573,1.3933298959045715e-13
2000,0.7000000000000001,0.36,selected,False,False,False,,,,,,,,,
2001,0.72,0.36,baseline,True,True,False,112.17709564979663,0.9348091304149718,7342.313546843944,1.0849838762708407e-14,3.651480112064952e-14,True,5,1.592732520603016,3.1415926535899104
2001,0.72,0.36,selected,True,True,True,2.450138775126267,0.020417823126052226,139.24025662129154,3.40881975134235e-14,1.3782400213218056e-13,True,2,0.6541724335072061,1.4724055308334982e-11
2031,0.6,0.38,baseline,True,True,False,13.018047739082945,0.10848373115902454,356.43024682840263,9.152945527910087e-15,5.4825788790698004e-14,True,5,1.0896862980607855,1.0036416142611415e-13
2031,0.6,0.38,selected,True,True,False,13.018047739079535,0.10848373115899612,356.4302468283163,1.286158753962173e-14,7.792369516956037e-14,True,5,0.17086176589643642,2.8421709430404007e-13
2032,0.62,0.38,baseline,True,True,False,15.69973986969476,0.13083116558078967,452.4896598572951,1.712804644671154e-14,9.998759916751102e-14,True,5,1.0421644536251868,1.9539925233402755e-13
2032,0.62,0.38,selected,True,True,False,15.69973986969476,0.13083116558078967,452.4896598572951,1.712804644671154e-14,9.998759916751102e-14,True,5,1.0421644536251868,1.9095836023552692e-13
2033,0.64,0.38,baseline,True,True,False,18.59338437616323,0.15494486980136024,647.6840256606082,1.781458274751321e-14,1.064881463708252e-13,True,5,0.9751514520264575,2.1316282072803006e-13
2033,0.64,0.38,selected,True,True,False,18.59338437616003,0.1549448698013336,647.6840256601159,2.360849517478306e-14,1.389430358849803e-13,True,5,0.5235160949880493,2.6412205755832474e-13
2034,0.66,0.38,baseline,True,True,False,23.574017895740518,0.19645014913117098,821.5546438408368,2.2388136604698087e-14,1.3158054881220577e-13,True,5,0.7925850214067358,5.853095785823825e-13
2034,0.66,0.38,selected,True,True,False,23.574017895740518,0.19645014913117098,821.5546438408368,2.2388136604698087e-14,1.3158054881220577e-13,True,5,0.7925850214067358,5.853095785823825e-13
2035,0.68,0.38,baseline,True,True,False,32.92871136474833,0.2744059280395694,910.6513920137829,2.0933592962943154e-14,1.1886045743954214e-13,True,5,0.6178361054310733,3.7914116290949096e-13
2035,0.68,0.38,selected,True,True,False,32.92871136474833,0.2744059280395694,910.6513920137829,2.0933592962943154e-14,1.1886045743954214e-13,True,5,0.6178361054310733,3.7825298448979083e-13
2036,0.7000000000000001,0.38,baseline,True,True,False,43.324194188637755,0.3610349515719813,1390.1633043943718,2.8397969040289965e-15,5.587062601262388e-14,True,5,0.4584916019695475,2.4158453015843406e-13
2036,0.7000000000000001,0.38,selected,True,True,True,2.2509293658580365,0.018757744715483637,121.14549472025544,8.152252458611484e-15,3.1958543321517485e-14,True,2,1.5387442695785183,4.0958347824471275e-12
2067,0.6,0.4,baseline,True,True,False,12.35756183029661,0.10297968191913842,347.5253107552149,1.532127886586656e-14,8.994904979325035e-14,True,5,1.08122629280874,1.6253665080512292e-13
2067,0.6,0.4,selected,True,True,False,12.357561830296184,0.10297968191913487,347.52531075516055,1.7729013788133252e-14,1.0257470812358059e-13,True,5,0.22058776658235946,1.1812772982011666e-13
2068,0.62,0.4,baseline,True,True,False,14.126796043631948,0.11772330036359957,448.3734676160964,1.6040513632496705e-14,9.492200275351498e-14,True,5,1.0210852901143337,1.816324868286756e-13
2068,0.62,0.4,selected,True,True,False,14.12679604363035,0.11772330036358625,448.3734676159429,1.3031885636392838e-14,7.438342009855109e-14,True,5,0.24924841981718515,1.4577228313328305e-13
2069,0.64,0.4,baseline,True,True,False,17.078947514791878,0.14232456262326565,564.0451790829119,2.139996278931544e-14,1.2676115835510591e-13,True,5,0.9395720030586778,3.552713678800501e-13
2069,0.64,0.4,selected,True,True,False,17.078947514791878,0.14232456262326565,564.0451790829119,2.139996278931544e-14,1.2676115835510591e-13,True,5,0.9395720030586778,3.552713678800501e-13
2070,0.66,0.4,baseline,True,True,False,21.97799157111099,0.18314992975925826,609.9299135792108,1.3213519782342979e-14,7.931773325476582e-14,True,5,0.7735656278268808,2.3936408410918375e-13
2070,0.66,0.4,selected,True,True,False,21.977991571114348,0.18314992975928623,609.9299135745841,1.2154914145884932e-14,7.222583542243742e-14,True,5,1.3968936468901143,2.1649348980190553e-13
2071,0.68,0.4,baseline,True,True,False,26.47477905828591,0.22062315881904926,816.4292299718852,7.857377467657704e-15,1.9362921273425393e-14,True,5,0.6145287104478756,2.0605739337042905e-13
2071,0.68,0.4,selected,True,True,False,26.47477905828021,0.22062315881900174,816.4292299709899,3.2188092097584122e-15,1.6280884335027254e-14,True,5,1.4945508846037205,1.3367085216486885e-13
2103,0.6,0.42,baseline,True,True,False,11.447751787281959,0.09539793156068299,343.8699655036544,1.59302496974814e-14,9.378728440524735e-14,True,5,1.0562936135900216,1.8274270985330077e-13
2103,0.6,0.42,selected,True,True,False,11.447751787281693,0.09539793156068077,343.8699655036352,1.5431201454327458e-14,9.136241447281996e-14,True,5,1.203227356432252,1.7752466163756253e-13
2104,0.62,0.42,baseline,True,True,False,13.53410399727526,0.11278419997729383,415.7228844345113,2.01177191111048e-14,1.2030789390948532e-13,True,5,0.9918987879580978,3.3928415632544784e-13
2104,0.62,0.42,selected,True,True,False,13.53410399727526,0.11278419997729383,415.7228844345433,2.089963512626962e-14,1.2400550072527104e-13,True,5,0.60951816543745,2.6290081223123707e-13
2105,0.64,0.42,baseline,True,True,False,16.4080423187508,0.13673368598959001,474.42039261181037,1.4263665652179195e-14,7.101725556557576e-14,True,5,0.8986183661608109,3.2240876635114546e-13
2105,0.64,0.42,selected,True,True,False,16.40804231875112,0.13673368598959268,474.4203926118999,1.9118253243371273e-14,1.370194505794515e-13,True,5,0.19235613624023262,3.7136960173711486e-13
2106,0.66,0.42,baseline,True,True,False,19.159139038934008,0.15965949199111673,520.0788893771602,9.264917572290598e-15,4.324714504455726e-14,True,5,0.7473260027864921,1.5720758028692217e-13
2106,0.66,0.42,selected,True,True,False,19.159139038918127,0.1596594919909844,520.0788893770196,5.767018209060407e-15,2.469030064681265e-14,True,5,0.3794311390784042,6.483702463810914e-14
2107,0.68,0.42,baseline,True,True,False,22.411454375475063,0.18676211979562551,708.6484575730498,1.1689546609097041e-14,3.692441032838085e-14,True,5,1.560746551748872,1.106142955009659e-12
2107,0.68,0.42,selected,True,True,True,3.881422197934587,0.032345184982788225,133.3503940545137,1.7184108760979192e-14,7.119146626100648e-14,True,2,1.5607465517489505,1.0533240946131173e-12
2139,0.6,0.44,baseline,True,True,False,11.28644752703849,0.09405372939198742,328.5098540431832,1.8836856690490647e-14,1.1317199400840372e-13,True,5,1.0229218370061082,2.6856294965682537e-13
2139,0.6,0.44,selected,True,True,False,11.28644752703825,0.09405372939198542,328.50985404310967,1.676785973155931e-14,1.0258583366149738e-13,True,5,1.2663044857272858,2.416955524608966e-13
2140,0.62,0.44,baseline,True,True,False,13.150039572645511,0.10958366310537926,376.14468044059566,1.3468519976073855e-14,8.253532273657878e-14,True,5,0.951465144008468,2.498001805406602e-13
2140,0.62,0.44,selected,True,True,False,13.150039572645404,0.10958366310537837,376.1446804405829,1.6387452210683794e-14,8.364491325782677e-14,True,5,1.347675812697088,2.3636648194269583e-13
2141,0.64,0.44,baseline,True,True,False,15.062046117869343,0.12551705098224453,446.70755014789165,1.5623036351107183e-14,7.711137515342278e-14,True,5,0.8554831638464808,1.0036416142611415e-13
2141,0.64,0.44,selected,True,True,False,15.062046117869343,0.12551705098224453,446.7075501478405,1.5723111000099005e-14,7.719729551945821e-14,True,5,0.8554831638464817,1.0125233984581428e-13
2142,0.66,0.44,baseline,True,True,False,17.078538163844527,0.14232115136537105,556.0793252910164,1.6033115823980197e-14,7.615645875206205e-14,True,5,1.5297700371101788,2.304822999121825e-13
2142,0.66,0.44,selected,True,True,False,17.078538163843753,0.1423211513653646,556.0793252910372,1.598730792783822e-14,7.887293402528607e-14,True,5,0.5039921543201045,2.2071233729548112e-13
2175,0.6,0.46,baseline,True,True,False,11.025951466161636,0.0918829288846803,342.1566040365505,2.040440716261698e-14,1.2764653717337535e-13,True,5,0.9772629262008881,3.914646384828302e-13
2175,0.6,0.46,selected,True,True,False,11.02595146616153,0.09188292888467942,342.15660403654414,2.0796614009574775e-14,1.529277959590318e-13,True,5,0.28905128918881484,1.0680345496894006e-13
2176,0.62,0.46,baseline,True,True,False,12.412086481743678,0.10343405401453065,391.81689866613925,1.2364041967648371e-14,7.890521926476508e-14,True,5,0.8911184778102985,1.865174681370263e-13
2176,0.62,0.46,selected,True,True,False,12.412086481743785,0.10343405401453154,391.8168986664014,3.984157953901878e-15,1.5015752961988314e-14,True,5,1.4176442237310645,7.915890165577366e-14
2177,0.64,0.46,baseline,True,True,False,13.759345342643812,0.11466121118869843,461.47120698422697,2.2188790410187297e-14,1.1169257662894342e-13,True,5,0.7424178679292126,4.3559600371168017e-13
2177,0.64,0.46,selected,True,True,False,13.759345342643279,0.11466121118869399,461.4712069841758,3.352800008858181e-15,2.2199099820917695e-14,True,5,0.6476059971015813,4.584665980189584e-13
2211,0.6,0.48,baseline,True,True,False,10.56497589061582,0.08804146575513183,351.985905440155,1.3220164516725855e-14,6.486951195499882e-14,True,5,0.907798935338822,9.775513731824503e-14
2211,0.6,0.48,selected,True,True,False,10.5649758906155,0.08804146575512917,351.98590544012944,1.3666936748899859e-14,5.707158574194561e-14,True,5,0.31161575356053817,7.72715225139109e-14
