x_m,y_m,full_sequence_ik,first_failed_frame,evaluated_frames,max_evaluated_position_error_m,max_evaluated_orientation_error_rad,max_reference_path_speed_rad_s,min_joint_margin_rad,reference_speed_screen_pass
0.30000000000000004,-0.75,False,0,1,0.10299330209074055,1.0421583060972393,,,False
0.35000000000000003,-0.75,False,0,1,0.1103279732637804,1.0435523866113576,,,False
0.4,-0.75,False,0,1,0.12047142629184776,1.0497394066981554,,,False
0.45,-0.75,False,0,1,0.13360845788265438,1.058115764605171,,,False
0.5,-0.75,False,0,1,0.14980357628005603,1.0662797641653672,,,False
0.55,-0.75,False,0,1,0.1689842943578471,1.0724323535050018,,,False
0.6000000000000001,-0.75,False,0,1,0.19096596116547532,1.075559974338117,,,False
0.65,-0.75,False,0,1,0.21549969817918624,1.0753582162514506,,,False
0.7000000000000001,-0.75,False,0,1,0.2423177705852172,1.0720127642927824,,,False
0.75,-0.75,False,0,1,0.27116337170785576,1.0659677898820912,,,False
0.8,-0.75,False,0,1,0.3018045855115151,1.0577565088479763,,,False
0.8500000000000001,-0.75,False,0,1,0.33403817092324756,1.0478991984796515,,,False
0.9,-0.75,False,0,1,0.36768802709112886,1.036860067544501,,,False
0.9500000000000001,-0.75,False,0,1,0.40260229077808585,1.0250191092125935,,,False
1.0,-0.75,False,0,1,0.4386492073597443,1.0126923464726847,,,False
0.30000000000000004,-0.7000000000000001,False,0,1,0.07302612876652803,0.8641323916782303,,,False
0.35000000000000003,-0.7000000000000001,False,0,1,0.07847445097591584,0.8769042452950337,,,False
0.4,-0.7000000000000001,False,0,1,0.08660386213293658,0.8978175591117951,,,False
0.45,-0.7000000000000001,False,0,1,0.0978244887751197,0.9234464649285217,,,False
0.5,-0.7000000000000001,False,0,1,0.11244979628999631,0.9498815772682091,,,False
0.55,-0.7000000000000001,False,0,1,0.13058507065175884,0.9735622014455246,,,False
0.6000000000000001,-0.7000000000000001,False,0,1,0.15209213724429846,0.99210209394616,,,False
0.65,-0.7000000000000001,False,0,1,0.1766544838100504,1.004573218550416,,,False
0.7000000000000001,-0.7000000000000001,False,0,1,0.20388417797518657,1.011193687833276,,,False
0.75,-0.7000000000000001,False,0,1,0.23340381420469,1.0127956874797268,,,False
0.8,-0.7000000000000001,False,0,1,0.2648841919811638,1.0104022979053153,,,False
0.8500000000000001,-0.7000000000000001,False,0,1,0.2980520006055464,1.004981894141843,,,False
0.9,-0.7000000000000001,False,0,1,0.33268333846915316,0.9973635483826864,,,False
0.9500000000000001,-0.7000000000000001,False,0,1,0.3685947918746743,0.9882050389737476,,,False
1.0,-0.7000000000000001,False,0,1,0.40563434285756483,0.9780191476022961,,,False
0.30000000000000004,-0.65,False,0,1,0.049575007893541,0.6565383041639915,,,False
0.35000000000000003,-0.65,False,0,1,0.05322908177983668,0.677907251721472,,,False
0.4,-0.65,False,0,1,0.05913882974007313,0.7113888822890925,,,False
0.45,-0.65,False,0,1,0.06783390490734502,0.7539550535687267,,,False
0.5,-0.65,False,0,1,0.07992177308516885,0.8011190297671392,,,False
0.55,-0.65,False,0,1,0.09590866591053929,0.8473369320455233,,,False
0.6000000000000001,-0.65,False,0,1,0.11597000661848171,0.8874543467500984,,,False
0.65,-0.65,False,0,1,0.13986551444703255,0.9183753336701972,,,False
0.7000000000000001,-0.65,False,0,1,0.16708146556619877,0.9395282904498664,,,False
0.75,-0.65,False,0,1,0.19704474037106534,0.9520432697226376,,,False
0.8,-0.65,False,0,1,0.22925299420381715,0.9576807392165396,,,False
0.8500000000000001,-0.65,False,0,1,0.2633089587210754,0.9581688892636535,,,False
0.9,-0.65,False,0,1,0.298908761734579,0.9549445561269155,,,False
0.9500000000000001,-0.65,False,0,1,0.3358191899383375,0.9491237226457012,,,False
1.0,-0.65,False,0,1,0.3738584655002085,0.9415299440651224,,,False
0.30000000000000004,-0.6000000000000001,False,0,1,0.03078690550737182,0.4316856400709896,,,False
0.35000000000000003,-0.6000000000000001,False,0,1,0.033288038373329595,0.45872464224532866,,,False
0.4,-0.6000000000000001,False,0,1,0.03755541344369386,0.5007734479261692,,,False
0.45,-0.6000000000000001,False,0,1,0.044016689606111575,0.5559386673936028,,,False
0.5,-0.6000000000000001,False,0,1,0.05332787113375235,0.6208973676046438,,,False
0.55,-0.6000000000000001,False,0,1,0.06632743976690238,0.690162729657405,,,False
0.6000000000000001,-0.6000000000000001,False,0,1,0.08377496493763313,0.7562692256455852,,,False
0.65,-0.6000000000000001,False,0,1,0.10593269138281344,0.8120757785936783,,,False
0.7000000000000001,-0.6000000000000001,False,0,1,0.1323967526777271,0.853843920105907,,,False
0.75,-0.6000000000000001,False,0,1,0.16238412045169373,0.8818579426137267,,,False
0.8,-0.6000000000000001,False,0,1,0.19511068491159428,0.8986086224027626,,,False
0.8500000000000001,-0.6000000000000001,False,0,1,0.2299606998351859,0.9069733270301215,,,False
0.9,-0.6000000000000001,False,0,1,0.2664916379421049,0.9093912887035059,,,False
0.9500000000000001,-0.6000000000000001,False,0,1,0.30438956465704453,0.907700339364866,,,False
1.0,-0.6000000000000001,False,0,1,0.34342683811157115,0.9032236467235203,,,False
0.30000000000000004,-0.55,False,0,1,0.01412520897331719,0.19848661877246684,,,False
0.35000000000000003,-0.55,False,0,1,0.016277162618063473,0.230004102065097,,,False
0.4,-0.55,False,0,1,0.019824486228986648,0.27815693405097497,,,False
0.45,-0.55,False,0,1,0.024996006925259773,0.3418012556222113,,,False
0.5,-0.55,False,0,1,0.03226521284455689,0.41905363934387746,,,False
0.55,-0.55,False,0,1,0.04243744794327062,0.5063556108845078,,,False
0.6000000000000001,-0.55,False,0,1,0.05662670967623352,0.5971246596712535,,,False
0.65,-0.55,False,0,1,0.07588451659654677,0.6815951558954794,,,False
0.7000000000000001,-0.55,False,0,1,0.10051173726106677,0.7504584089985731,,,False
0.75,-0.55,False,0,1,0.1298226644275747,0.7999354186871462,,,False
0.8,-0.55,False,0,1,0.16270367001249175,0.8319954227054009,,,False
0.8500000000000001,-0.55,False,0,1,0.19818061318707655,0.8508631969723789,,,False
0.9,-0.55,False,0,1,0.2355716896666116,0.8605030913074081,,,False
0.9500000000000001,-0.55,False,0,1,0.274428197463529,0.8639007375612507,,,False
1.0,-0.55,False,0,1,0.31445140195615406,0.863128857626849,,,False
0.30000000000000004,-0.5,False,14,15,0.0009715409918918188,0.013480027947791713,,,False
0.35000000000000003,-0.5,False,12,13,0.0009631424448121192,0.013544533539208543,,,False
0.4,-0.5,False,0,1,0.0036659986487636576,0.05158097400112331,,,False
0.45,-0.5,False,0,1,0.008630473274804347,0.12180803597312427,,,False
0.5,-0.5,False,0,1,0.015008132710187071,0.20759564713406795,,,False
0.55,-0.5,False,0,1,0.02337337598417192,0.3070344944445563,,,False
0.6000000000000001,-0.5,False,0,1,0.03474968648734757,0.4161810282019443,,,False
0.65,-0.5,False,0,1,0.0505992870551502,0.5268841326642223,,,False
0.7000000000000001,-0.5,False,0,1,0.07225772550278689,0.6264418455874994,,,False
0.75,-0.5,False,0,1,0.09988522323643378,0.703742456474361,,,False
0.8,-0.5,False,0,1,0.13233619382308692,0.7564731760897275,,,False
0.8500000000000001,-0.5,False,0,1,0.1681663607736205,0.7892748405577649,,,False
0.9,-0.5,False,0,1,0.20630013906456815,0.8081261606423489,,,False
0.9500000000000001,-0.5,False,0,1,0.24606496004491377,0.817740985409082,,,False
1.0,-0.5,False,0,1,0.2870495497805891,0.8213330059051855,,,False
0.30000000000000004,-0.45,True,-1,38,1.0080166305668637e-14,5.495920530603249e-14,1.6123791726100456,1.524708480837211,True
0.35000000000000003,-0.45,True,-1,38,8.177303202714501e-15,7.23800992906721e-14,1.75128903101339,1.5692683511839733,True
0.4,-0.45,True,-1,38,1.8150215342729043e-15,8.15670617031479e-15,2.2911543440820776,1.6454423612001485,True
0.45,-0.45,False,14,15,0.00046783809724100923,0.0066062726479250615,,,False
0.5,-0.45,False,10,11,0.0014979187897818948,0.02093573262985981,,,False
0.55,-0.45,False,0,1,0.007423051395713341,0.10293884895628798,,,False
0.6000000000000001,-0.45,False,0,1,0.0171385371323065,0.22440547221439625,,,False
0.65,-0.45,False,0,1,0.0301374788244449,0.35443393624652875,,,False
0.7000000000000001,-0.45,False,0,1,0.04832392659045289,0.4822207180163452,,,False
0.75,-0.45,False,0,1,0.07318567125162821,0.5913679966547087,,,False
0.8,-0.45,False,0,1,0.10437424125229815,0.6706707429601901,,,False
0.8500000000000001,-0.45,False,0,1,0.140139702560672,0.7216794944498435,,,False
0.9,-0.45,False,0,1,0.17883820526821242,0.7521837528776567,,,False
0.9500000000000001,-0.45,False,0,1,0.21943522223818118,0.7693269396205408,,,False
1.0,-0.45,False,0,1,0.2613428730161552,0.7779959294134857,,,False
0.30000000000000004,-0.4,True,-1,38,5.6670333516440535e-15,4.758550351769516e-14,1.4896669463376933,1.2687538808087624,True
0.35000000000000003,-0.4,True,-1,38,9.518989023185743e-15,5.2104772398441683e-14,1.5401049528039679,1.3090335131340733,True
0.4,-0.4,True,-1,38,3.7200755648761925e-15,4.189491737849622e-14,1.620558937532356,1.376487496834752,True
0.45,-0.4,True,-1,38,8.20119726831542e-15,4.5144281613984733e-14,1.7414595413745015,1.4732711934423321,True
0.5,-0.4,True,-1,38,2.2079207130766657e-15,7.83248380811786e-15,2.295170167833085,1.6041913447837925,True
0.55,-0.4,False,12,13,0.0004746511056550145,0.006552643289736661,,,False
0.6000000000000001,-0.4,False,0,1,0.0022705970337306234,0.03132110541540248,,,False
0.65,-0.4,False,0,1,0.013580903657032135,0.17436357247759496,,,False
0.7000000000000001,-0.4,False,0,1,0.028776541215398688,0.3234505767144027,,,False
0.75,-0.4,False,0,1,0.050252904260941526,0.46318494352139356,,,False
0.8,-0.4,False,0,1,0.07922240045468132,0.5736778210067295,,,False
0.8500000000000001,-0.4,False,0,1,0.11434107774284553,0.6477102895836049,,,False
0.9,-0.4,False,0,1,0.15335264104449467,0.6927495679054751,,,False
0.9500000000000001,-0.4,False,0,1,0.19467706582698252,0.7188896665830457,,,False
1.0,-0.4,False,0,1,0.23745552811761314,0.7333619597750518,,,False
0.30000000000000004,-0.35000000000000003,True,-1,38,9.63886045594696e-15,6.930817781087322e-14,1.5750635742194086,1.0504605782736787,True
0.35000000000000003,-0.35000000000000003,True,-1,38,3.594534575004821e-15,3.5018695963405254e-14,1.5370281232555216,1.0895260845279553,True
0.4,-0.35000000000000003,True,-1,38,6.560657218687885e-15,3.481777655518198e-14,1.5652867450126884,1.1541809165013435,True
0.45,-0.35000000000000003,True,-1,38,5.543685534784238e-15,3.9642057780145946e-14,1.6142881899702632,1.245141197182292,True
0.5,-0.35000000000000003,True,-1,38,4.786207384821466e-15,2.4648671607086612e-14,1.691304793864108,1.3644300288666615,True
0.55,-0.35000000000000003,True,-1,38,2.5685532148454536e-15,8.292488352178599e-15,1.9556847506899977,1.5169143182847822,True
0.6000000000000001,-0.35000000000000003,False,14,15,9.601260409943686e-05,0.0012973083151196078,,,False
0.65,-0.35000000000000003,False,4,5,0.00020521074269655247,0.00268636890195488,,,False
0.7000000000000001,-0.35000000000000003,False,0,1,0.012923841175476925,0.15897083992285882,,,False
0.75,-0.35000000000000003,False,0,1,0.031230727567394284,0.3232924175559875,,,False
0.8,-0.35000000000000003,False,0,1,0.05724264481363295,0.4658825473356928,,,False
0.8500000000000001,-0.35000000000000003,False,0,1,0.09101274210936873,0.567394466192531,,,False
0.9,-0.35000000000000003,False,0,1,0.13000888467410823,0.6301272133714675,,,False
0.9500000000000001,-0.35000000000000003,False,0,1,0.17192804031870412,0.6668100864561571,,,False
1.0,-0.35000000000000003,False,0,1,0.21551162539284865,0.6877890745883796,,,False
0.30000000000000004,-0.30000000000000004,True,-1,38,8.427325925656723e-15,4.8883474618512857e-14,1.6876629535984922,0.8569450078424414,True
0.35000000000000003,-0.30000000000000004,True,-1,38,7.560325340982499e-15,6.483865025867482e-14,1.6400534295451008,0.896640137017251,True
0.4,-0.30000000000000004,True,-1,38,4.0175656407730974e-15,2.184130939424945e-14,1.6044155711523533,0.9616321741794862,True
0.45,-0.30000000000000004,True,-1,38,7.311052544233667e-15,4.1184497588985866e-14,1.6126067063400862,1.0516754562339752,True
0.5,-0.30000000000000004,True,-1,38,2.382456868885156e-15,1.2170994074780809e-14,1.6351293327161365,1.167313600311892,True
0.55,-0.30000000000000004,True,-1,38,4.845713351197033e-15,2.356617790262107e-14,1.8284958083063163,1.3108283195922756,True
0.6000000000000001,-0.30000000000000004,True,-1,38,7.913990257226307e-16,7.738443946417517e-15,2.0780012192245256,1.48810288274335,True
0.65,-0.30000000000000004,True,-1,38,5.677626708156833e-15,2.681788815342724e-14,3.8132061433846722,1.7138260782993682,True
0.7000000000000001,-0.30000000000000004,False,3,4,0.0006848513067600264,0.008627128443712795,,,False
0.75,-0.30000000000000004,False,0,1,0.01572453041051001,0.17872198861473518,,,False
0.8,-0.30000000000000004,False,0,1,0.03861081242624948,0.34984869734409096,,,False
0.8500000000000001,-0.30000000000000004,False,0,1,0.0703642279722827,0.4814909203582198,,,False
0.9,-0.30000000000000004,False,0,1,0.10896000029913644,0.5649627543104075,,,False
0.9500000000000001,-0.30000000000000004,False,0,1,0.15131981918403764,0.6136774501402503,,,False
1.0,-0.30000000000000004,False,0,1,0.1956332551888772,0.6417433556355214,,,False
0.30000000000000004,-0.25,True,-1,38,6.2931139058834464e-15,4.288317703518026e-14,1.786999443480073,0.6801213339167054,True
0.35000000000000003,-0.25,True,-1,38,6.740948828456751e-15,5.3108836715669603e-14,1.7552935066702413,0.7219978070127953,True
0.4,-0.25,True,-1,38,4.04812953236456e-15,3.841714058644489e-14,1.7020420352684384,0.7895694349610345,True
0.45,-0.25,True,-1,38,6.069021749871804e-15,3.637796986218187e-14,1.6684097143249732,0.8815928684374053,True
0.5,-0.25,True,-1,38,1.756294223338048e-15,2.3127305007509562e-14,1.6537636371568332,0.9976780751209942,True
0.55,-0.25,True,-1,38,3.0323522101633278e-15,1.5448692986439672e-14,1.8211013613568006,1.1385856336960725,True
0.6000000000000001,-0.25,True,-1,38,6.545845201555505e-15,3.3270700735660366e-14,2.099254736309122,1.307560959913573,True
0.65,-0.25,True,-1,38,1.657219388221185e-15,6.8245725794603504e-15,2.410966566921242,1.5128581578746987,True
0.7000000000000001,-0.25,False,11,12,0.0008715590867200903,0.010715371973197612,,,False
0.75,-0.25,False,0,1,0.003014763407320537,0.03672711371164635,,,False
0.8,-0.25,False,0,1,0.023198256992232626,0.23036604928273977,,,False
0.8500000000000001,-0.25,False,0,1,0.052521045614937444,0.39183831542242403,,,False
0.9,-0.25,False,0,1,0.09033211695441092,0.4983647348310873,,,False
0.9500000000000001,-0.25,False,0,1,0.13297338661799263,0.5603142047409496,,,False
1.0,-0.25,False,0,1,0.1779372415589819,0.5958252837423033,,,False
0.30000000000000004,-0.2,True,-1,38,7.832250175373544e-15,6.553966843510454e-14,1.897349164073063,0.5073835896278913,True
0.35000000000000003,-0.2,True,-1,38,6.8103043192454635e-15,4.953791447541576e-14,1.881255672733922,0.5612349860119275,True
0.4,-0.2,True,-1,38,3.469891012745392e-15,2.2085307036656795e-14,1.830784423053023,0.6332144249267049,True
0.45,-0.2,True,-1,38,6.227710431616916e-15,4.360135765373368e-14,1.7644886246994274,0.729849648959656,True
0.5,-0.2,True,-1,38,1.1904521369118137e-14,9.246443465931164e-14,1.7126584324037841,0.8494857921858807,True
0.55,-0.2,True,-1,38,7.608673562739093e-15,4.295654830802028e-14,1.8351047581029767,0.9917754428478276,True
0.6000000000000001,-0.2,True,-1,38,4.962041795574094e-15,2.7187284789638875e-14,2.146513033364188,1.1584764093850233,True
0.65,-0.2,True,-1,38,1.119238209367182e-14,6.175739206838336e-14,2.494016171311808,1.3549348964234484,True
0.7000000000000001,-0.2,True,-1,38,8.851374477315529e-16,2.315358349229952e-15,2.902813619244271,1.5942445021876195,True
0.75,-0.2,False,7,8,0.0016376043054852464,0.018442790392482335,,,False
0.8,-0.2,False,0,1,0.010607673256008707,0.11326285863758326,,,False
0.8500000000000001,-0.2,False,0,1,0.0374769891119268,0.3014850299797203,,,False
0.9,-0.2,False,0,1,0.07420974065853189,0.4319865084224525,,,False
0.9500000000000001,-0.2,False,0,1,0.11699466152797612,0.5077891385642691,,,False
1.0,-0.2,False,0,1,0.16253348391952344,0.5507435341452143,,,False
0.30000000000000004,-0.15000000000000002,True,-1,38,4.661697450552515e-15,3.481012130460914e-14,2.1590593452718174,0.34201978769204544,True
0.35000000000000003,-0.15000000000000002,True,-1,38,8.077587822359378e-15,6.646902650310592e-14,2.1090681615973295,0.41305800578790786,True
0.4,-0.15000000000000002,True,-1,38,4.308824046522781e-15,3.055925977579391e-14,2.010390091778709,0.4920186909942261,True
0.45,-0.15000000000000002,True,-1,38,8.237376026420737e-15,7.118316382182934e-14,1.894862575743192,0.5957201203986009,True
0.5,-0.15000000000000002,True,-1,38,2.2541902238434278e-15,1.9217684075315532e-14,1.8012897038187292,0.7213784786460347,True
0.55,-0.15000000000000002,True,-1,38,3.588099286842519e-15,2.1967268163382588e-14,1.8714931739622687,0.8677726834014083,True
0.6000000000000001,-0.15000000000000002,True,-1,38,5.821860175689733e-15,3.5112102265249514e-14,2.2200512822644636,1.035765404103276,True
0.65,-0.15000000000000002,True,-1,38,8.99845863678116e-15,5.749108076986154e-14,2.616930321063544,1.2289486013563087,True
0.7000000000000001,-0.15000000000000002,True,-1,38,3.764949453935611e-16,4.652005349075406e-16,3.0582984181082673,1.4565511418634607,True
0.75,-0.15000000000000002,False,12,13,0.00014238609316762917,0.0016049496515597565,,,False
0.8,-0.15000000000000002,False,0,1,0.0003480632262544463,0.003920117171520916,,,False
0.8500000000000001,-0.15000000000000002,False,0,1,0.025085983685835412,0.21439802149186427,,,False
0.9,-0.15000000000000002,False,0,1,0.060627344364322856,0.3680167647256757,,,False
0.9500000000000001,-0.15000000000000002,False,0,1,0.10347285213698842,0.45738517053060423,,,False
1.0,-0.15000000000000002,False,0,1,0.14952341404531347,0.5072905241965143,,,False
0.30000000000000004,-0.1,True,-1,38,5.719551403421275e-15,4.335288473209688e-14,2.530166923323905,0.1863171572627138,True
0.35000000000000003,-0.1,True,-1,38,6.703488675862381e-15,7.811164336022904e-14,2.4159960205170465,0.270976100224829,True
0.4,-0.1,True,-1,38,6.545271444023091e-15,5.564398355466285e-14,2.236814555439611,0.36494321059383017,True
0.45,-0.1,True,-1,38,2.2051276433777916e-15,1.367230157286454e-14,2.0545655985845928,0.47806764468421603,True
0.5,-0.1,True,-1,38,4.050436301346149e-15,2.5983522265741986e-14,2.025206878663217,0.6117197579577556,True
0.55,-0.1,True,-1,38,6.2840639854086724e-15,4.4792191630154676e-14,2.2054328558062153,0.7640519730216,True
0.6000000000000001,-0.1,True,-1,38,1.0362907589042387e-15,7.348887642705914e-15,2.412616677487869,0.9346983188313291,True
0.65,-0.1,True,-1,38,3.554447978966673e-16,5.486317125635809e-16,2.7795128795285273,1.1274640712789028,True
0.7000000000000001,-0.1,True,-1,38,1.5396215689421248e-15,5.360106737012278e-15,3.297842796262702,1.3498293524967153,True
0.75,-0.1,True,-1,38,2.0525994120484193e-15,5.077344970703704e-15,3.883193744572544,1.6191765944629153,True
0.8,-0.1,False,5,6,0.0011687272111919032,0.011742297033467604,,,False
0.8500000000000001,-0.1,False,0,1,0.01511126414680004,0.1348430204121004,,,False
0.9,-0.1,False,0,1,0.04957523978346412,0.30903052139101383,,,False
0.9500000000000001,-0.1,False,0,1,0.09248307650582804,0.41050921040119254,,,False
1.0,-0.1,False,0,1,0.13899997071758977,0.4662789836627627,,,False
0.30000000000000004,-0.05,True,-1,38,2.3172581379609074e-15,2.4662673538305407e-14,3.0602235318176434,0.040641822637685454,True
0.35000000000000003,-0.05,True,-1,38,1.0754712517455512e-14,1.1897986319271722e-13,2.817037766527355,0.1361528658904838,True
0.4,-0.05,True,-1,38,2.6381305957120764e-15,1.850310868091696e-14,2.516657633360657,0.24606867268582988,True
0.45,-0.05,True,-1,38,5.8402902057240016e-15,4.112329440943512e-14,2.7266553249441228,0.37388939275883093,True
0.5,-0.05,True,-1,38,1.9511991989709017e-15,1.1895056939892371e-14,2.9655683213852657,0.5188091388820526,True
0.55,-0.05,True,-1,38,2.9893669801409083e-16,8.100800834759297e-16,3.1595162065389326,0.6784858563769649,True
0.6000000000000001,-0.05,True,-1,38,1.0374052500944784e-15,4.2365025870803426e-15,3.398119024268993,0.8543995771416402,True
0.65,-0.05,True,-1,38,3.1432500083045447e-16,1.0231120526507898e-15,3.72701852240376,1.0491827635002502,True
0.7000000000000001,-0.05,True,-1,38,8.144263458698792e-16,4.6645874359876026e-15,4.03881904892695,1.2697126583164275,True
0.75,-0.05,True,-1,38,4.809409384954737e-16,2.087917749946133e-15,4.312443664715578,1.5305975232466813,True
0.8,-0.05,False,8,9,0.002646499312083479,0.025386996380098566,,,False
0.8500000000000001,-0.05,False,0,1,0.007306363313730715,0.0667962563155081,,,False
0.9,-0.05,False,0,1,0.041023671135859044,0.257703683738235,,,False
0.9500000000000001,-0.05,False,0,1,0.08409376680310914,0.3685361973919297,,,False
1.0,-0.05,False,0,1,0.13104778069335438,0.4284717315689203,,,False
0.30000000000000004,0.0,False,0,1,0.007596992546524082,0.10649663251635524,,,False
0.35000000000000003,0.0,True,-1,38,5.555016879717332e-15,2.5396252205243568e-14,3.582700088259123,0.017783220900277286,True
0.4,0.0,True,-1,38,4.065220740230227e-15,1.995113045803527e-14,4.458160188583253,0.14274072139028116,True
0.45,0.0,True,-1,38,3.4905878015273315e-15,2.939703877232495e-14,4.975684568573653,0.2852707047620857,True
0.5,0.0,True,-1,38,4.137187111402224e-15,2.1607113110826925e-14,5.273735374522581,0.4417459518764586,True
0.55,0.0,True,-1,38,4.344523429212077e-15,1.7687754740127662e-14,5.542937766500349,0.609658703167947,True
0.6000000000000001,0.0,True,-1,38,4.059964552835555e-15,1.543927143118932e-14,5.815624326802129,0.7914580738266972,True
0.65,0.0,True,-1,38,1.959681723483882e-15,6.0662755614880635e-15,6.0364859714148915,0.9899062323962851,True
0.7000000000000001,0.0,True,-1,38,6.1110346576206466e-15,2.5021766801361493e-14,6.35136484030195,1.2112709715237724,True
0.75,0.0,True,-1,38,1.545614280154634e-15,5.697129676318146e-15,6.331786371990347,1.468091660361255,True
0.8,0.0,False,9,10,0.000280958438929107,0.0026612423203898504,,,False
0.8500000000000001,0.0,False,0,1,0.0014862992421311922,0.013643345676050012,,,False
0.9,0.0,False,0,1,0.034961105903560864,0.2164369170863641,,,False
0.9500000000000001,0.0,False,0,1,0.07837645841100108,0.332606782980433,,,False
1.0,0.0,False,0,1,0.1257433026808506,0.39449399492869386,,,False
0.30000000000000004,0.05,False,0,1,0.018942309153314813,0.26484025883100276,,,False
0.35000000000000003,0.05,False,0,1,0.00750704242511316,0.1026746970661992,,,False
0.4,0.05,True,-1,38,3.883109433024668e-15,1.8056396773813083e-14,12.15909814088033,0.06808317991551593,False
0.45,0.05,True,-1,38,7.035709942544031e-16,3.628627125119405e-15,15.753269391269866,0.22469096568671,False
0.5,0.05,True,-1,38,8.164339249151902e-16,5.334810314470014e-15,18.330943735028224,0.38902744617703133,False
0.55,0.05,True,-1,38,5.120057424582394e-15,1.7520011905552465e-14,17.449406685040064,0.5634768279551552,False
0.6000000000000001,0.05,True,-1,38,7.748312856226504e-16,3.8020465197760276e-15,16.391256202565252,0.7497596122390922,False
0.65,0.05,True,-1,38,1.2510471639264603e-15,4.780089694264461e-15,14.566119829525391,0.9502516427256635,False
0.7000000000000001,0.05,True,-1,38,1.156133006904202e-15,3.021936863216135e-15,12.401835069852547,1.1723013191338065,False
0.75,0.05,True,-1,38,9.233227642299103e-16,3.089251253523383e-15,10.273029737351116,1.4281018844056341,False
0.8,0.05,True,-1,38,5.511600598834107e-15,2.853475662861531e-14,7.7440313319262,1.7465582476232122,True
0.8500000000000001,0.05,False,2,3,0.00269211851687617,0.0220847566406785,,,False
0.9,0.05,False,0,1,0.031434833497586495,0.18694188338679288,,,False
0.9500000000000001,0.05,False,0,1,0.07541256206535296,0.3034246821074267,,,False
1.0,0.05,False,0,1,0.12315273246682233,0.36477350201773207,,,False
0.30000000000000004,0.1,False,0,1,0.025202723981043722,0.3549067700100579,,,False
0.35000000000000003,0.1,False,0,1,0.01294140402797364,0.17323716622852917,,,False
0.4,0.1,True,-1,38,2.811408275538296e-15,2.2748109955431628e-14,25.762501953566208,0.030985110698391605,False
0.45,0.1,True,-1,38,3.11864493316497e-16,2.3164433126706366e-15,27.65375155535567,0.19545065497133018,False
0.5,0.1,True,-1,38,1.2948057833470968e-15,1.0574881944914727e-14,23.521968434127505,0.3665015159086007,False
0.55,0.1,True,-1,38,3.3205054342106544e-15,3.909828342860918e-14,25.206749340591614,0.4643386170722481,False
0.6000000000000001,0.1,True,-1,38,1.3542225228130477e-15,9.24467046912236e-15,28.482573267070688,0.33310514943360836,False
0.65,0.1,True,-1,38,4.571251458474092e-16,1.17228431302333e-15,46.337442006718234,0.17953417338720534,False
0.7000000000000001,0.1,True,-1,38,8.1773032027145e-16,2.7170116355336148e-15,41.77989261008335,1.1574642873752958,False
0.75,0.1,True,-1,38,4.2914688736145975e-15,2.3294911576225986e-14,22.82863620571513,1.4124406640029028,False
0.8,0.1,True,-1,38,3.2212016652765893e-15,1.8579185803207887e-14,11.395835789787785,1.7281965008201232,False
0.8500000000000001,0.1,False,2,3,0.0013830019609347886,0.010789493253145252,,,False
0.9,0.1,False,0,1,0.030577437853792012,0.16982270543913267,,,False
0.9500000000000001,0.1,False,0,1,0.07529042228154784,0.2811282896730494,,,False
1.0,0.1,False,0,1,0.12332707762048913,0.33952295754647266,,,False
0.30000000000000004,0.15000000000000002,False,0,1,0.023860446820790186,0.33673062639685447,,,False
0.35000000000000003,0.15000000000000002,False,0,1,0.012571877954944214,0.15875458332409847,,,False
0.4,0.15000000000000002,True,-1,38,4.716243220373294e-15,2.7581435159896563e-14,11.864263311152389,0.03577080906065033,False
0.45,0.15000000000000002,True,-1,38,4.749225553466821e-15,3.120980601723804e-14,11.720469647848587,0.2033877184274382,False
0.5,0.15000000000000002,True,-1,38,3.3951831314585848e-15,2.2518284073868444e-14,11.197843513525214,0.37329601809052804,False
0.55,0.15000000000000002,True,-1,38,5.578801654593729e-16,2.4175199696312977e-15,11.260713662112991,0.5516304198522892,False
0.6000000000000001,0.15000000000000002,True,-1,38,3.8956806801599406e-16,2.5204991328362476e-15,13.026796714439893,0.7404986539735279,False
0.65,0.15000000000000002,True,-1,38,2.082269455137587e-15,8.655731566799376e-15,16.929226667447445,0.6122274111282584,False
0.7000000000000001,0.15000000000000002,True,-1,38,8.617648093045562e-16,1.3759505966982128e-14,26.362374879299125,0.41296419110006877,False
0.75,0.15000000000000002,True,-1,38,1.3172206675035359e-15,7.996163147587924e-15,8.942638850092209,1.4225113053692469,True
0.8,0.15000000000000002,True,-1,38,3.707317959809365e-15,1.542471030302182e-14,17.777751251662497,1.7419712743346385,False
0.8500000000000001,0.15000000000000002,False,2,3,0.002538292504518098,0.01826493168712738,,,False
0.9,0.15000000000000002,False,0,1,0.03259856388616582,0.16425133248642695,,,False
0.9500000000000001,0.15000000000000002,False,0,1,0.07808918838459857,0.2653185157536352,,,False
1.0,0.15000000000000002,False,0,1,0.12629470062579223,0.3187877806035755,,,False
0.30000000000000004,0.2,False,0,1,0.015581492466463131,0.21385530567017802,,,False
0.35000000000000003,0.2,False,0,1,0.005104159659110819,0.057222234493199964,,,False
0.4,0.2,True,-1,38,3.691074156203761e-15,2.3973519242601595e-14,6.1473563580642265,0.08527437469651211,True
0.45,0.2,True,-1,38,1.7720147237901127e-15,1.1375595541694496e-14,7.059099534248978,0.24356258180628165,True
0.5,0.2,True,-1,38,2.4712206013744476e-15,1.377897834121096e-14,7.534081713828407,0.41109592957865226,True
0.55,0.2,True,-1,38,4.848891910640964e-15,1.384643005872771e-14,8.10423119674439,0.5862183984761042,True
0.6000000000000001,0.2,True,-1,38,8.568339948907339e-16,4.713894857672021e-15,8.936414052682169,0.7728635487939579,True
0.65,0.2,True,-1,38,3.0206432600571967e-15,1.745478010328616e-14,15.503230767027226,0.8298506776579053,False
0.7000000000000001,0.2,True,-1,38,2.140241056453829e-15,1.6584735098024e-14,17.792851980180625,0.629251600031453,False
0.75,0.2,True,-1,38,1.824282583346435e-15,3.782386214659264e-14,27.392717698006432,0.4124040691803632,False
0.8,0.2,False,8,9,0.0004555006698865285,0.003596170195937532,,,False
0.8500000000000001,0.2,False,1,2,0.0018273709638593188,0.012489902749249148,,,False
0.9,0.2,False,0,1,0.037725147687596675,0.1680112124940213,,,False
0.9500000000000001,0.2,False,0,1,0.0838543027830919,0.2552716170211348,,,False
1.0,0.2,False,0,1,0.13205398355012168,0.30253749910008254,,,False
0.30000000000000004,0.25,False,0,1,0.002412658244643567,0.030238437199311536,,,False
0.35000000000000003,0.25,True,-1,38,6.0848046495247465e-15,4.821276292165449e-14,5.149931451523103,0.033356625564198605,True
0.4,0.25,True,-1,38,2.3217418722470926e-15,1.9048504308055118e-14,4.995177040936051,0.16765873268958265,True
0.45,0.25,True,-1,38,5.662477557230268e-15,4.3258345679009915e-14,5.065875128859747,0.31678575278419885,True
0.5,0.25,True,-1,38,1.799837261104273e-15,8.509124242109854e-15,5.6986465162131505,0.47514777191845337,True
0.55,0.25,True,-1,38,2.9516328864596456e-15,1.5346385033525108e-14,6.931614750648496,0.6464289301010102,True
0.6000000000000001,0.25,True,-1,38,4.141072352039257e-15,1.5058126433843036e-14,11.521709390638462,0.8307208456692112,False
0.65,0.25,True,-1,38,1.6914968298467714e-15,1.2002574602406478e-14,90.937938359073,0.05917507344612272,False
0.7000000000000001,0.25,True,-1,38,4.94929467466551e-15,2.152363660278965e-14,90.33716027563781,0.03834543372705923,False
0.75,0.25,True,-1,38,9.30606826878419e-15,3.101349204419488e-14,19.593256726141753,0.5085550323888279,False
0.8,0.25,False,6,7,0.0001277371698282997,0.0009744201162289297,,,False
0.8500000000000001,0.25,False,0,1,0.00488960022154721,0.03036265807948669,,,False
0.9,0.25,False,0,1,0.046105167575477994,0.1782026028154448,,,False
0.9500000000000001,0.25,False,0,1,0.09257688203971125,0.2502568692967934,,,False
1.0,0.25,False,0,1,0.14056896187477444,0.29076531156284596,,,False
0.30000000000000004,0.30000000000000004,True,-1,38,4.3206080318580855e-15,3.10539772851466e-14,4.415579228542244,0.06388431594553667,True
0.35000000000000003,0.30000000000000004,True,-1,38,7.637979387994094e-15,6.134721137190157e-14,4.7147232596710795,0.15987970858168588,True
0.4,0.30000000000000004,True,-1,38,2.2411660569805868e-15,2.0115544284013107e-14,4.896092911477086,0.27811651095965395,True
0.45,0.30000000000000004,True,-1,38,5.674369320219082e-15,4.0863787095649645e-14,5.277345257969253,0.4141046293453128,True
0.5,0.30000000000000004,True,-1,38,1.1617888512052417e-14,8.325467043116266e-14,5.854342503462746,0.5655515144065779,True
0.55,0.30000000000000004,True,-1,38,2.763457511069108e-15,1.4121008207890749e-14,7.44235283156649,0.7298916115432026,True
0.6000000000000001,0.30000000000000004,True,-1,38,4.00998432561499e-15,1.1404484695289705e-14,12.355206916334073,0.9114136504612811,False
0.65,0.30000000000000004,True,-1,38,2.5010838569247817e-15,9.459436726373798e-15,34.87342970598433,0.8712730408507872,False
0.7000000000000001,0.30000000000000004,True,-1,38,5.30240470919965e-15,1.796612965651292e-14,84.2623946616049,0.016598081718266933,False
0.75,0.30000000000000004,True,-1,38,1.0895610206501939e-15,6.5506292297864505e-15,88.3004915158144,0.16912040039696752,False
0.8,0.30000000000000004,False,4,5,0.0006909397811461109,0.004939289966294563,,,False
0.8500000000000001,0.30000000000000004,False,0,1,0.014830074577968559,0.07722023004234671,,,False
0.9,0.30000000000000004,False,0,1,0.05773780487101375,0.19236113416559697,,,False
0.9500000000000001,0.30000000000000004,False,0,1,0.10418824341492265,0.2497783139299148,,,False
1.0,0.30000000000000004,False,0,1,0.15177009346519532,0.2835273058971876,,,False
0.30000000000000004,0.35000000000000003,True,-1,38,6.999909947500918e-15,5.061016600337405e-14,4.083570271350085,0.22252721688197896,True
0.35000000000000003,0.35000000000000003,True,-1,38,1.1688623935728063e-14,9.008530763335345e-14,4.4818200465646765,0.30302074329669537,True
0.4,0.35000000000000003,True,-1,38,3.2605418710725893e-15,2.6750138731060584e-14,4.885332898818829,0.40981390059241596,True
0.45,0.35000000000000003,True,-1,38,5.714683620375277e-15,5.0226485618052374e-14,5.376666579514465,0.5336609632557194,True
0.5,0.35000000000000003,True,-1,38,1.5291584193663474e-14,1.0932834233954329e-13,6.1729730820088635,0.6767678963302244,True
0.55,0.35000000000000003,True,-1,38,6.961062950497062e-16,4.84613280778724e-15,7.9083018923910675,0.8371775727788113,True
0.6000000000000001,0.35000000000000003,True,-1,38,6.0754285914798025e-15,3.855674709034177e-14,11.804256667655668,1.015353817237366,False
0.65,0.35000000000000003,True,-1,38,2.0327998643932593e-15,1.603934301418118e-14,22.96352350230775,0.9056641800342868,False
0.7000000000000001,0.35000000000000003,True,-1,38,2.795470146924422e-15,1.1389765997375818e-14,53.54431202589203,0.40582605544279726,False
0.75,0.35000000000000003,False,9,10,0.0010097311714993764,0.00782194596639866,,,False
0.8,0.35000000000000003,False,2,3,0.0015779318939218327,0.010257034606351374,,,False
0.8500000000000001,0.35000000000000003,False,0,1,0.02873271075980262,0.12414386866948335,,,False
0.9,0.35000000000000003,False,0,1,0.07248154256090997,0.20914969768414904,,,False
0.9500000000000001,0.35000000000000003,False,0,1,0.11857018433413828,0.2536069214454726,,,False
1.0,0.35000000000000003,False,0,1,0.16555940378369371,0.28090126154403533,,,False
0.30000000000000004,0.4,True,-1,38,2.9089114465139293e-15,1.972077634387625e-14,3.897075351988143,0.3900018125591376,True
0.35000000000000003,0.4,True,-1,38,5.909004951746346e-15,4.4426484764077384e-14,4.320061371254889,0.46010649057508823,True
0.4,0.4,True,-1,38,6.9789682562378405e-15,5.0682310790132365e-14,4.8246920758395255,0.5561234885317146,True
0.45,0.4,True,-1,38,4.6666524875067686e-15,3.471369911614971e-14,5.492384325207594,0.6730601774484166,True
0.5,0.4,True,-1,38,2.8313748239171496e-15,1.5182940492322836e-14,6.498722801093728,0.8087185327177309,True
0.55,0.4,True,-1,38,1.2567637595793301e-15,6.005374635623094e-15,8.237990048119853,0.9655372427120121,True
0.6000000000000001,0.4,True,-1,38,4.972820174300706e-16,1.3503128255980174e-15,11.623727147618071,1.081226292808739,False
0.65,0.4,True,-1,38,2.619044117598934e-15,3.488341912460265e-14,16.624106905793425,0.8562149090847564,False
0.7000000000000001,0.4,False,37,38,0.0008248196433687151,0.008902452873192428,,,False
0.75,0.4,False,5,6,0.002479047869563112,0.01900164664244167,,,False
0.8,0.4,False,0,1,0.007246120192007995,0.04179453787944499,,,False
0.8500000000000001,0.4,False,0,1,0.04629907876943769,0.1675290237801046,,,False
0.9,0.4,False,0,1,0.0901159833457449,0.22818567341972082,,,False
0.9500000000000001,0.4,False,0,1,0.13557266921706798,0.26162422882723524,,,False
1.0,0.4,False,0,1,0.18181746795473736,0.2829157500697029,,,False
0.30000000000000004,0.45,True,-1,38,9.460702820799026e-15,5.81865777279091e-14,3.783915182326848,0.5668769565475427,True
0.35000000000000003,0.45,True,-1,38,2.0206364052201326e-16,4.9636978106993e-16,4.2090234332853615,0.6301028556676651,True
0.4,0.45,True,-1,38,6.335327934766281e-16,3.262155464674758e-15,4.740263577310236,0.7185769873512409,True
0.45,0.45,True,-1,38,1.0735345726716592e-15,2.4695729981092778e-15,5.450336955494782,0.8305478456685755,True
0.5,0.45,True,-1,38,2.007056320007075e-15,9.417295705359617e-15,6.473088413617381,0.9620714616563635,True
0.55,0.45,True,-1,38,1.1598543297132119e-15,1.2459409987648567e-14,8.022428344879362,1.1168860113898031,True
0.6000000000000001,0.45,True,-1,38,1.3031087567683006e-15,1.6792447533592968e-14,10.357903958029016,1.0020286654022383,False
0.65,0.45,True,-1,38,1.7244233337941968e-15,8.428556331526346e-15,14.98173878033116,0.7320673258129835,False
0.7000000000000001,0.45,False,7,8,0.0005811037242753808,0.004987375683480938,,,False
0.75,0.45,False,2,3,0.0035238451763567272,0.024247641750202106,,,False
0.8,0.45,False,0,1,0.026649667199558386,0.12380870441291081,,,False
0.8500000000000001,0.45,False,0,1,0.06704958490025563,0.20734340484800096,,,False
0.9,0.45,False,0,1,0.11039996034570415,0.2494402287973144,,,False
0.9500000000000001,0.45,False,0,1,0.15503024513892916,0.2736197489579908,,,False
1.0,0.45,False,0,1,0.20041256634348895,0.28935122741502367,,,False
0.30000000000000004,0.5,True,-1,38,2.7566191591466308e-15,1.745511605217744e-14,3.7101079399170525,0.7552506376730506,True
0.35000000000000003,0.5,True,-1,38,2.830524433501838e-16,1.3577678892877112e-15,4.125799120611898,0.8142363757686866,True
0.4,0.5,True,-1,38,8.78147111669024e-16,8.130843252109951e-15,4.646125551965988,0.8981548671619886,True
0.45,0.5,True,-1,38,9.171947447016606e-16,3.572231008883873e-15,5.3226983909644465,1.0064736528803466,True
0.5,0.5,True,-1,38,1.0781889047992172e-15,3.2274653026462517e-15,6.22103464603417,1.1389150545236113,True
0.55,0.5,True,-1,38,4.438202462620976e-15,3.222916606724171e-14,7.702396091508703,1.03377101204949,True
0.6000000000000001,0.5,False,36,37,0.0006782738080437464,0.008246256412741645,,,False
0.65,0.5,False,30,31,0.000674598235606639,0.007431105591981203,,,False
0.7000000000000001,0.5,False,3,4,0.002240277478580627,0.017965641600555724,,,False
0.75,0.5,False,0,1,0.014246327762082485,0.08341207580619407,,,False
0.8,0.5,False,0,1,0.0500066824141664,0.1913280488507692,,,False
0.8500000000000001,0.5,False,0,1,0.0905430576354062,0.24471419268551658,,,False
0.9,0.5,False,0,1,0.13310157084811064,0.27279104348827765,,,False
0.9500000000000001,0.5,False,0,1,0.17677314991104842,0.28919034879735267,,,False
1.0,0.5,False,0,1,0.22120461336505712,0.2998517295804482,,,False
0.30000000000000004,0.55,True,-1,38,3.720903812813623e-15,1.9912600823359524e-14,3.6570344912933184,0.9581975350058078,True
0.35000000000000003,0.55,True,-1,38,2.2941624510965736e-15,1.2703866022597552e-14,4.05399714600457,1.0159896224540799,True
0.4,0.55,True,-1,38,1.3732700395566711e-15,6.3808394079408765e-15,4.539507135346724,1.0983852575451372,True
0.45,0.55,True,-1,38,8.3820000221454525e-16,4.375701345153872e-15,5.2251232776959124,1.2068187280516578,True
0.5,0.55,True,-1,38,1.3947004136484323e-15,6.785049517381369e-15,6.202485442208374,1.3436546553936441,True
0.55,0.55,False,33,34,0.0010977486387209125,0.013837154552758284,,,False
0.6000000000000001,0.55,False,29,30,0.00027083729919783606,0.0031272296608310423,,,False
0.65,0.55,False,3,4,0.0005547495902481309,0.004979580678250396,,,False
0.7000000000000001,0.55,False,0,1,0.00872870656781316,0.060752950007350814,,,False
0.75,0.55,False,0,1,0.03939156209631651,0.18323572142035163,,,False
0.8,0.55,False,0,1,0.07643383932644496,0.24785091829187877,,,False
0.8500000000000001,0.55,False,0,1,0.11642863169520615,0.2805325310219474,,,False
0.9,0.55,False,0,1,0.15800718414903642,0.29789665948215904,,,False
0.9500000000000001,0.55,False,0,1,0.20063407077028583,0.307740618664589,,,False
1.0,0.55,False,0,1,0.2440522466444114,0.31381221123886005,,,False
0.30000000000000004,0.6000000000000001,True,-1,38,6.7178241141652006e-15,3.327247825269709e-14,3.6165687368693344,1.183004843236597,True
0.35000000000000003,0.6000000000000001,True,-1,38,4.4785494094434676e-15,1.982871535558278e-14,4.000807357410053,1.2422975383957624,True
0.4,0.6000000000000001,False,36,37,0.0009129675093392176,0.012557971461641167,,,False
0.45,0.6000000000000001,False,33,34,0.001824189655239017,0.024437408552152082,,,False
0.5,0.6000000000000001,False,30,31,0.0010314362612869506,0.013217838504880581,,,False
0.55,0.6000000000000001,False,7,8,0.000767111498004369,0.008177363412028743,,,False
0.6000000000000001,0.6000000000000001,False,3,4,0.003233112573704487,0.03067315374191482,,,False
0.65,0.6000000000000001,False,0,1,0.008896661599331716,0.06872434862864024,,,False
0.7000000000000001,0.6000000000000001,False,0,1,0.03510657239336872,0.18981757766119045,,,False
0.75,0.6000000000000001,False,0,1,0.06831793560433533,0.26053628858964467,,,False
0.8,0.6000000000000001,False,0,1,0.10531940334769009,0.2969274690776438,,,False
0.8500000000000001,0.6000000000000001,False,0,1,0.14442794585704102,0.31520861205454953,,,False
0.9,0.6000000000000001,False,0,1,0.18492160234859764,0.3242665435382113,,,False
0.9500000000000001,0.6000000000000001,False,0,1,0.2264510495473784,0.3286038745408214,,,False
1.0,0.6000000000000001,False,0,1,0.2688149440140104,0.33054941917772307,,,False
0.30000000000000004,0.65,False,31,32,0.0027905111056719693,0.03907791324515404,,,False
0.35000000000000003,0.65,False,30,31,0.002091724106793758,0.02884995381836936,,,False
0.4,0.65,False,29,30,0.002356673074353704,0.03157401579357484,,,False
0.45,0.65,False,28,29,0.003943341131148398,0.05018976672543302,,,False
0.5,0.65,False,4,5,0.0008983363424983532,0.010107292792483699,,,False
0.55,0.65,False,1,2,0.0012635073444505816,0.012679543960578158,,,False
0.6000000000000001,0.65,False,0,1,0.013747522688137675,0.11104042193128391,,,False
0.65,0.65,False,0,1,0.03662795292625431,0.21755127050209758,,,False
0.7000000000000001,0.65,False,0,1,0.06616995459176751,0.2857185416227855,,,False
0.75,0.65,False,0,1,0.09993420802734551,0.3226102879629762,,,False
0.8,0.65,False,0,1,0.13625805587255244,0.34082648599436927,,,False
0.8500000000000001,0.65,False,0,1,0.17431148229370835,0.3488282854562763,,,False
0.9,0.65,False,0,1,0.21366617556188353,0.35137225024893953,,,False
0.9500000000000001,0.65,False,0,1,0.25407011105008515,0.351086272159556,,,False
1.0,0.65,False,0,1,0.29535488099198276,0.3494435626674057,,,False
0.30000000000000004,0.7000000000000001,False,26,27,0.0018874646642853018,0.025767790943847062,,,False
0.35000000000000003,0.7000000000000001,False,5,6,0.000472074371902924,0.00607810177822575,,,False
0.4,0.7000000000000001,False,3,4,0.0012338102461255356,0.015044682328095743,,,False
0.45,0.7000000000000001,False,1,2,0.0017796420475773153,0.020131009080104584,,,False
0.5,0.7000000000000001,False,0,1,0.008670626929844421,0.08607508228840201,,,False
0.55,0.7000000000000001,False,0,1,0.02290946916607339,0.18427300767423538,,,False
0.6000000000000001,0.7000000000000001,False,0,1,0.04342578174287129,0.26840771198320323,,,False
0.65,0.7000000000000001,False,0,1,0.06975275736000278,0.325787620292535,,,False
0.7000000000000001,0.7000000000000001,False,0,1,0.10026274584683897,0.3585472093975691,,,False
0.75,0.7000000000000001,False,0,1,0.13360037264917424,0.3746771665460575,,,False
0.8,0.7000000000000001,False,0,1,0.16896134192698248,0.38084319702706876,,,False
0.8500000000000001,0.7000000000000001,False,0,1,0.20588302015560148,0.38133064463760824,,,False
0.9,0.7000000000000001,False,0,1,0.24407707047456287,0.3787291731920947,,,False
0.9500000000000001,0.7000000000000001,False,0,1,0.28334547211862926,0.3745843755874589,,,False
1.0,0.7000000000000001,False,0,1,0.3235407265838596,0.3698279051066599,,,False
0.30000000000000004,0.75,False,0,1,0.0048772106782348345,0.061172371862004214,,,False
0.35000000000000003,0.75,False,0,1,0.008199414549830747,0.09639751926029558,,,False
0.4,0.75,False,0,1,0.01393352292526179,0.14862493446617012,,,False
0.45,0.75,False,0,1,0.023000598878716194,0.21328700116722718,,,False
0.5,0.75,False,0,1,0.03653794070740401,0.2809726725475944,,,False
0.55,0.75,False,0,1,0.05524460076719152,0.33939989539948645,,,False
0.6000000000000001,0.75,False,0,1,0.07878430476663542,0.3807498192578965,,,False
0.65,0.75,False,0,1,0.10616385264170321,0.4051279318452754,,,False
0.7000000000000001,0.75,False,0,1,0.13643430955463018,0.4167052399529695,,,False
0.75,0.75,False,0,1,0.16892835554031535,0.4198193798436884,,,False
0.8,0.75,False,0,1,0.2032068195120178,0.4177246043072281,,,False
0.8500000000000001,0.75,False,0,1,0.2389708510050716,0.41261866838954503,,,False
0.9,0.75,False,0,1,0.27600412258522267,0.405931739777053,,,False
0.9500000000000001,0.75,False,0,1,0.3141405963417547,0.3985844572265248,,,False
1.0,0.75,False,0,1,0.3532473594815546,0.39113375478660833,,,False
