time_s,reference_frame,present_position_m,present_rotation_rad,absent_position_m,absent_rotation_rad,source_position_m,source_rotation_rad,paired_actual_difference_position_m,paired_actual_difference_rotation_rad,reproduction_difference_position_m,reproduction_difference_rotation_rad
8.333333333333333218e-03,1.000000000000000000e+00,2.820930170522714144e-03,8.911716507689250097e-03,2.820930170522714144e-03,8.911716507689250097e-03,2.820930170522714144e-03,8.911716507689250097e-03,0.000000000000000000e+00,4.214684851089403467e-08,0.000000000000000000e+00,4.214684851089403467e-08
1.666666666666666644e-02,1.000000000000000000e+00,5.222336068261479967e-03,1.629054195411267641e-02,5.222336068261479967e-03,1.629054195411267641e-02,5.222336068261479967e-03,1.629054195411267641e-02,0.000000000000000000e+00,2.980232238769531250e-08,0.000000000000000000e+00,2.980232238769531250e-08
2.500000000000000139e-02,1.000000000000000000e+00,7.189871274138185699e-03,2.231582978606478501e-02,7.189871274138185699e-03,2.231582978606478501e-02,7.189871274138185699e-03,2.231582978606478501e-02,0.000000000000000000e+00,0.000000000000000000e+00,0.000000000000000000e+00,0.000000000000000000e+00
3.333333333333333287e-02,1.000000000000000000e+00,8.750362376966072317e-03,2.725502850506441449e-02,8.750362376966072317e-03,2.725502850506441449e-02,8.750362376966072317e-03,2.725502850506441449e-02,0.000000000000000000e+00,4.214684851089403467e-08,0.000000000000000000e+00,4.214684851089403467e-08
4.166666666666666435e-02,2.000000000000000000e+00,9.046119071517436105e-03,2.820858899959993726e-02,9.046119071517436105e-03,2.820858899959993726e-02,9.046119071517436105e-03,2.820858899959993726e-02,0.000000000000000000e+00,0.000000000000000000e+00,0.000000000000000000e+00,0.000000000000000000e+00
5.000000000000000278e-02,2.000000000000000000e+00,9.412182123615131860e-03,2.883955897631555743e-02,9.412182123615131860e-03,2.883955897631555743e-02,9.412182123615131860e-03,2.883955897631555743e-02,0.000000000000000000e+00,2.980232238769531250e-08,0.000000000000000000e+00,2.980232238769531250e-08
5.833333333333333426e-02,2.000000000000000000e+00,9.895266270479891740e-03,2.934094576911953217e-02,9.895266270479891740e-03,2.934094576911953217e-02,9.895266270479891740e-03,2.934094576911953217e-02,0.000000000000000000e+00,0.000000000000000000e+00,0.000000000000000000e+00,0.000000000000000000e+00
6.666666666666666574e-02,2.000000000000000000e+00,1.047672189543860655e-02,2.985974674866821721e-02,1.047672189543860655e-02,2.985974674866821721e-02,1.047672189543860655e-02,2.985974674866821721e-02,0.000000000000000000e+00,0.000000000000000000e+00,0.000000000000000000e+00,0.000000000000000000e+00
7.499999999999999722e-02,3.000000000000000000e+00,1.141543083165515865e-02,3.100129846803875017e-02,1.141543083165515865e-02,3.100129846803875017e-02,1.141543083165515865e-02,3.100129846803875017e-02,0.000000000000000000e+00,4.214684851089403467e-08,0.000000000000000000e+00,4.214684851089403467e-08
8.333333333333332871e-02,3.000000000000000000e+00,1.238694307386653710e-02,3.234231691407887799e-02,1.238694307386653710e-02,3.234231691407887799e-02,1.238694307386653710e-02,3.234231691407887799e-02,0.000000000000000000e+00,0.000000000000000000e+00,0.000000000000000000e+00,0.000000000000000000e+00
9.166666666666666019e-02,3.000000000000000000e+00,1.329331609690786835e-02,3.366626810182338225e-02,1.329331609690786835e-02,3.366626810182338225e-02,1.329331609690786835e-02,3.366626810182338225e-02,0.000000000000000000e+00,4.214684851089403467e-08,0.000000000000000000e+00,4.214684851089403467e-08
1.000000000000000056e-01,3.000000000000000000e+00,1.406902992820713121e-02,3.488951434369699789e-02,1.406902992820713121e-02,3.488951434369699789e-02,1.406902992820713121e-02,3.488951434369699789e-02,0.000000000000000000e+00,0.000000000000000000e+00,0.000000000000000000e+00,0.000000000000000000e+00
1.083333333333333370e-01,4.000000000000000000e+00,1.480364167378613732e-02,3.775465859277365305e-02,1.480364167378613732e-02,3.775465859277365305e-02,1.480364167378613732e-02,3.775465859277365305e-02,0.000000000000000000e+00,0.000000000000000000e+00,0.000000000000000000e+00,0.000000000000000000e+00
1.166666666666666685e-01,4.000000000000000000e+00,1.537282659053101214e-02,4.100099628767112786e-02,1.537282659053101214e-02,4.100099628767112786e-02,1.537282659053101214e-02,4.100099628767112786e-02,0.000000000000000000e+00,4.214684851089403467e-08,0.000000000000000000e+00,4.214684851089403467e-08
1.250000000000000000e-01,4.000000000000000000e+00,1.508914432268798969e-02,4.474094023124800673e-02,1.577748739848707990e-02,4.434727556844193785e-02,1.508914432268798969e-02,4.474094023124800673e-02,9.530461047141256447e-04,4.283560094671537595e-03,0.000000000000000000e+00,0.000000000000000000e+00
1.333333333333333315e-01,4.000000000000000000e+00,1.390913426341848155e-02,4.997475795442439528e-02,1.602758917537223590e-02,4.771728407062190286e-02,1.390913426341848155e-02,4.997475795442439528e-02,2.998889860478409254e-03,1.025537713025098489e-02,0.000000000000000000e+00,0.000000000000000000e+00
1.416666666666666630e-01,5.000000000000000000e+00,1.286767266371103419e-02,5.576553100992462375e-02,1.600929645740581733e-02,5.270945180414317310e-02,1.286767266371103419e-02,5.576553100992462375e-02,4.481677965136299756e-03,1.393963937000005336e-02,0.000000000000000000e+00,0.000000000000000000e+00
1.499999999999999944e-01,5.000000000000000000e+00,1.208828329949645196e-02,6.152507373959565512e-02,1.589127444237371095e-02,5.839890693364123420e-02,1.208828329949645196e-02,6.152507373959565512e-02,5.444384248476958656e-03,1.624484470658895535e-02,0.000000000000000000e+00,0.000000000000000000e+00
1.583333333333333259e-01,5.000000000000000000e+00,1.155194955449751620e-02,6.729630261800756408e-02,1.571409603570057822e-02,6.442259108700872094e-02,1.155194955449751620e-02,6.729630261800756408e-02,5.959075554838920777e-03,1.738253657881520461e-02,0.000000000000000000e+00,0.000000000000000000e+00
1.666666666666666574e-01,5.000000000000000000e+00,1.122777762193949251e-02,7.309048868594580917e-02,1.550669591875374238e-02,7.065536400442881670e-02,1.122777762193949251e-02,7.309048868594580917e-02,6.100634879280664516e-03,1.756622730672388263e-02,0.000000000000000000e+00,4.214684851089403467e-08
1.749999999999999889e-01,6.000000000000000000e+00,1.101989221669372188e-02,7.869232504538765938e-02,1.529951233714398236e-02,7.707225531969504051e-02,1.101989221669372188e-02,7.869232504538765938e-02,5.944763008845517678e-03,1.700098870146705618e-02,0.000000000000000000e+00,0.000000000000000000e+00
1.833333333333333204e-01,6.000000000000000000e+00,1.100051216918525830e-02,8.507125644432228517e-02,1.511607292184701315e-02,8.419534387396962472e-02,1.100051216918525830e-02,8.507125644432228517e-02,5.562604076760154295e-03,1.587633041874666681e-02,0.000000000000000000e+00,0.000000000000000000e+00
1.916666666666666519e-01,6.000000000000000000e+00,1.115689330987472069e-02,9.190971238847864266e-02,1.497478801828391014e-02,9.164564315811873918e-02,1.115689330987472069e-02,9.190971238847864266e-02,5.022378109240941899e-03,1.436719860839409321e-02,0.000000000000000000e+00,0.000000000000000000e+00
2.000000000000000111e-01,6.000000000000000000e+00,1.114540281764852744e-02,9.948874250096254035e-02,1.488073078416778973e-02,9.930502006832089834e-02,1.114540281764852744e-02,9.948874250096254035e-02,4.879650765513446169e-03,1.463498232073860705e-02,0.000000000000000000e+00,0.000000000000000000e+00
2.083333333333333426e-01,7.000000000000000000e+00,1.021850166773767381e-02,1.069618863572366213e-01,1.454623145732355377e-02,1.077293579018678144e-01,1.021850166773767381e-02,1.069618863572366213e-01,5.903105743865661413e-03,1.839021617167718031e-02,0.000000000000000000e+00,0.000000000000000000e+00
2.166666666666666741e-01,7.000000000000000000e+00,9.457606750839932241e-03,1.156715172165287131e-01,1.426430202197539153e-02,1.167745106885141465e-01,9.457606750839932241e-03,1.156715172165287131e-01,7.005590845842991909e-03,2.085195191719964314e-02,0.000000000000000000e+00,0.000000000000000000e+00
2.250000000000000056e-01,7.000000000000000000e+00,9.017818232105444601e-03,1.244017731161054519e-01,1.405124689841697090e-02,1.260805085977962370e-01,9.017818232105444601e-03,1.244017731161054519e-01,7.803598410898235707e-03,2.289530825985164678e-02,0.000000000000000000e+00,0.000000000000000000e+00
2.333333333333333370e-01,7.000000000000000000e+00,8.729792834012166727e-03,1.332685381975025618e-01,1.391363286570729274e-02,1.355354538423769462e-01,8.729792834012166727e-03,1.332685381975025618e-01,8.510439130096213167e-03,2.485732868380267913e-02,0.000000000000000000e+00,0.000000000000000000e+00
2.416666666666666685e-01,8.000000000000000000e+00,8.388660567732821732e-03,1.406006683785493983e-01,1.315254965356636545e-02,1.435637939544522346e-01,8.388660567732821732e-03,1.406006683785493983e-01,9.207963792636775224e-03,2.680997883571871118e-02,0.000000000000000000e+00,0.000000000000000000e+00
2.500000000000000000e-01,8.000000000000000000e+00,8.380878448339854417e-03,1.477105577913551959e-01,1.255682442565018812e-02,1.513199861927448930e-01,8.380878448339854417e-03,1.477105577913551959e-01,9.847692745780222204e-03,2.842002485536624171e-02,0.000000000000000000e+00,4.214684851089403467e-08
2.583333333333333037e-01,8.000000000000000000e+00,8.569587574462671914e-03,1.542197599266133257e-01,1.213417487501743976e-02,1.586641178592559931e-01,8.569587574462671914e-03,1.542197599266133257e-01,1.043762330100281646e-02,3.006959397748032101e-02,0.000000000000000000e+00,0.000000000000000000e+00
2.666666666666666630e-01,8.000000000000000000e+00,8.879793263965214678e-03,1.600787667692797622e-01,1.187610026376370066e-02,1.656299016631528065e-01,8.879793263965214678e-03,1.600787667692797622e-01,1.118352399191440208e-02,3.238463473297494011e-02,0.000000000000000000e+00,4.214684851089403467e-08
2.750000000000000222e-01,9.000000000000000000e+00,9.009682208121422634e-03,1.639001119907350923e-01,1.121228887264314085e-02,1.705372371863342063e-01,9.009682208121422634e-03,1.639001119907350923e-01,1.228781886848698268e-02,3.569274199755820276e-02,0.000000000000000000e+00,4.214684851089403467e-08
2.833333333333333259e-01,9.000000000000000000e+00,9.442817127558057050e-03,1.671766026080863388e-01,1.077654735876396562e-02,1.751871812169415177e-01,9.442817127558057050e-03,1.671766026080863388e-01,1.360950133190229686e-02,3.949469921300005626e-02,0.000000000000000000e+00,0.000000000000000000e+00
2.916666666666666852e-01,9.000000000000000000e+00,1.006727718674226869e-02,1.696161031263719032e-01,1.056931592661061910e-02,1.794674017525968168e-01,1.006727718674226869e-02,1.696161031263719032e-01,1.508546260371886223e-02,4.381389006266087072e-02,0.000000000000000000e+00,2.980232238769531250e-08
2.999999999999999889e-01,9.000000000000000000e+00,1.080893733585382675e-02,1.714722520884694179e-01,1.057395518653485474e-02,1.834277211427818022e-01,1.080893733585382675e-02,1.714722520884694179e-01,1.668427122403266100e-02,4.850241039344527216e-02,0.000000000000000000e+00,2.980232238769531250e-08
3.083333333333333481e-01,1.000000000000000000e+01,1.106339129594313686e-02,1.726593794514395264e-01,1.061016123103705744e-02,1.870318364707933556e-01,1.106339129594313686e-02,1.726593794514395264e-01,1.844160227632414203e-02,5.360305247579016941e-02,0.000000000000000000e+00,2.980232238769531250e-08
3.166666666666666519e-01,1.000000000000000000e+01,1.140464216817371756e-02,1.733946334529820055e-01,1.100801805384207625e-02,1.903429694111987147e-01,1.140464216817371756e-02,1.733946334529820055e-01,2.022099515620576562e-02,5.863257694298252415e-02,0.000000000000000000e+00,0.000000000000000000e+00
3.250000000000000111e-01,1.000000000000000000e+01,1.175228513814530890e-02,1.733518766277167833e-01,1.169808058921661606e-02,1.932359671133301038e-01,1.175228513814530890e-02,1.733518766277167833e-01,2.196055224607122366e-02,6.363991942122379508e-02,0.000000000000000000e+00,0.000000000000000000e+00
3.333333333333333148e-01,1.000000000000000000e+01,1.211739456533022022e-02,1.730520009055330211e-01,1.100921818863121078e-02,2.042329192199272003e-01,1.211739456533022022e-02,1.730520009055330211e-01,2.203951672247510610e-02,6.367736229516733626e-02,0.000000000000000000e+00,2.980232238769531250e-08
3.416666666666666741e-01,1.100000000000000000e+01,1.166923594350876940e-02,1.730176367022061290e-01,9.549510774902205540e-03,2.049748227206489304e-01,1.166923594350876940e-02,1.730176367022061290e-01,2.070876221975503570e-02,6.062114573148809360e-02,0.000000000000000000e+00,0.000000000000000000e+00
3.499999999999999778e-01,1.100000000000000000e+01,1.098528764913778849e-02,1.720413603527195523e-01,8.523242010255142539e-03,2.075781282407531125e-01,1.098528764913778849e-02,1.720413603527195523e-01,1.933074099363654708e-02,5.883748513686429260e-02,0.000000000000000000e+00,0.000000000000000000e+00
3.583333333333333370e-01,1.100000000000000000e+01,1.053528488546541172e-02,1.700591804954462716e-01,7.710873401598773366e-03,2.097537757362247790e-01,1.053528488546541172e-02,1.700591804954462716e-01,1.822003102760842708e-02,5.860392313813023862e-02,0.000000000000000000e+00,0.000000000000000000e+00
3.666666666666666408e-01,1.100000000000000000e+01,1.028987629403677398e-02,1.678248442213510772e-01,7.119691270319960900e-03,2.113782675905757080e-01,1.028987629403677398e-02,1.678248442213510772e-01,1.740255100266497115e-02,5.913043811671493677e-02,0.000000000000000000e+00,0.000000000000000000e+00
3.750000000000000000e-01,1.200000000000000000e+01,1.087104280244279193e-02,1.660166417453336762e-01,6.091770313107465994e-03,2.125260091880341595e-01,1.087104280244279193e-02,1.660166417453336762e-01,1.679168158886339829e-02,5.970947676907657764e-02,0.000000000000000000e+00,4.214684851089403467e-08
3.833333333333333037e-01,1.200000000000000000e+01,1.138644350301909816e-02,1.643995374004770804e-01,5.356136893775267395e-03,2.137195832568403731e-01,1.138644350301909816e-02,1.643995374004770804e-01,1.617272203896798211e-02,6.023188271013202311e-02,0.000000000000000000e+00,0.000000000000000000e+00
3.916666666666666630e-01,1.200000000000000000e+01,1.175252880242264562e-02,1.623251160065689869e-01,4.964653687305881774e-03,2.144388778805263462e-01,1.175252880242264562e-02,1.623251160065689869e-01,1.548009903357517800e-02,6.087775211389791913e-02,0.000000000000000000e+00,0.000000000000000000e+00
4.000000000000000222e-01,1.200000000000000000e+01,1.211811204790772846e-02,1.596522016610443795e-01,4.936369731839753208e-03,2.148321717769937911e-01,1.211811204790772846e-02,1.596522016610443795e-01,1.484398915903506824e-02,6.213343629402482554e-02,0.000000000000000000e+00,0.000000000000000000e+00
4.083333333333333259e-01,1.300000000000000000e+01,1.284261933831925065e-02,1.569509271387790339e-01,5.013389069067271907e-03,2.149923732107530960e-01,1.284261933831925065e-02,1.569509271387790339e-01,1.434066155729085690e-02,6.358905734459968651e-02,0.000000000000000000e+00,4.214684851089403467e-08
4.166666666666666852e-01,1.300000000000000000e+01,1.350532263690995549e-02,1.544305543827592664e-01,5.439562569761951377e-03,2.151187189487070439e-01,1.350532263690995549e-02,1.544305543827592664e-01,1.386599718391667325e-02,6.505248914179184716e-02,0.000000000000000000e+00,0.000000000000000000e+00
4.249999999999999889e-01,1.300000000000000000e+01,1.408877955229725226e-02,1.516823727002934996e-01,6.095619538460270333e-03,2.149656219729711437e-01,1.408877955229725226e-02,1.516823727002934996e-01,1.338529633564027217e-02,6.665265089446249791e-02,0.000000000000000000e+00,4.214684851089403467e-08
4.333333333333333481e-01,1.300000000000000000e+01,1.464790836392502842e-02,1.486639827993813945e-01,6.889375440246461348e-03,2.144120229744624628e-01,1.464790836392502842e-02,1.486639827993813945e-01,1.294609751994919497e-02,6.834847659224260741e-02,0.000000000000000000e+00,0.000000000000000000e+00
4.416666666666666519e-01,1.400000000000000000e+01,1.467808561036710105e-02,1.458437224715599112e-01,7.296552966104563089e-03,2.141557135037937543e-01,1.467808561036710105e-02,1.458437224715599112e-01,1.255220761977448099e-02,7.026127860054241780e-02,0.000000000000000000e+00,4.214684851089403467e-08
4.500000000000000111e-01,1.400000000000000000e+01,1.462571972310635141e-02,1.428086281381851785e-01,7.757969640008349245e-03,2.137791252393536900e-01,1.462571972310635141e-02,1.428086281381851785e-01,1.210573970085282620e-02,7.250550266673985722e-02,0.000000000000000000e+00,2.980232238769531250e-08
4.583333333333333148e-01,1.400000000000000000e+01,1.454129020868054865e-02,1.396405961661932038e-01,8.219339015470731452e-03,2.135208317893556029e-01,1.454129020868054865e-02,1.396405961661932038e-01,1.164179036692661318e-02,7.526183759180397892e-02,0.000000000000000000e+00,2.980232238769531250e-08
4.666666666666666741e-01,1.400000000000000000e+01,1.445121813222553266e-02,1.364873885604113990e-01,8.646224651255024832e-03,2.129352383355848088e-01,1.445121813222553266e-02,1.364873885604113990e-01,1.123032911010255104e-02,7.792555553805120827e-02,0.000000000000000000e+00,0.000000000000000000e+00
4.749999999999999778e-01,1.500000000000000000e+01,1.345954562170523575e-02,1.322953280217271099e-01,9.456890962218997970e-03,2.108191922748569036e-01,1.345954562170523575e-02,1.322953280217271099e-01,1.086234531726877270e-02,8.060434177021327806e-02,0.000000000000000000e+00,0.000000000000000000e+00
4.833333333333333370e-01,1.500000000000000000e+01,1.297871717437538291e-02,1.294388667545821603e-01,1.085932089155966333e-02,2.092339854290468093e-01,1.297871717437538291e-02,1.294388667545821603e-01,1.062328128658112693e-02,8.287640948981768452e-02,0.000000000000000000e+00,4.214684851089403467e-08
4.916666666666666408e-01,1.500000000000000000e+01,1.293900914569638509e-02,1.279878780733796906e-01,1.267167672736467694e-02,2.081533631359488989e-01,1.293900914569638509e-02,1.279878780733796906e-01,1.064278045514212984e-02,8.447437963569216779e-02,0.000000000000000000e+00,0.000000000000000000e+00
5.000000000000000000e-01,1.500000000000000000e+01,1.324226740873916779e-02,1.284938903277631217e-01,1.479995541867831256e-02,2.078572013381785322e-01,1.324226740873916779e-02,1.284938903277631217e-01,1.083632372737309765e-02,8.502954965236723950e-02,0.000000000000000000e+00,0.000000000000000000e+00
5.083333333333333037e-01,1.600000000000000000e+01,1.535974895039808608e-02,1.273486799416450599e-01,2.004370078896276428e-02,2.051038256040283170e-01,1.535974895039808608e-02,1.273486799416450599e-01,1.132076022188240917e-02,8.517519168285829501e-02,0.000000000000000000e+00,4.214684851089403467e-08
5.166666666666666075e-01,1.600000000000000000e+01,1.875204768444218087e-02,1.291842692453538943e-01,2.547310661262620901e-02,2.038278590163400406e-01,1.875204768444218087e-02,1.291842692453538943e-01,1.179051254869640207e-02,8.392058903222444910e-02,0.000000000000000000e+00,0.000000000000000000e+00
5.250000000000000222e-01,1.600000000000000000e+01,2.244838286220553897e-02,1.316320397068161674e-01,3.063111170087221696e-02,2.039572834459497663e-01,2.244838286220553897e-02,1.316320397068161674e-01,1.225839174368176243e-02,8.342203270395794068e-02,0.000000000000000000e+00,0.000000000000000000e+00
5.333333333333333259e-01,1.600000000000000000e+01,2.620999220210298158e-02,1.368890600480487663e-01,3.503658557466009238e-02,2.050878269344544036e-01,2.620999220210298158e-02,1.368890600480487663e-01,1.211835369614225333e-02,8.167304312892172125e-02,0.000000000000000000e+00,4.214684851089403467e-08
5.416666666666666297e-01,1.700000000000000000e+01,3.142864202840166959e-02,1.354449218500139718e-01,4.053440958398868421e-02,1.970711572181585991e-01,3.142864202840166959e-02,1.354449218500139718e-01,1.164390725974783804e-02,7.847493782799175310e-02,0.000000000000000000e+00,0.000000000000000000e+00
5.500000000000000444e-01,1.700000000000000000e+01,3.630106493643917714e-02,1.358763059996632439e-01,4.516508260212317299e-02,1.904812605123814562e-01,3.630106493643917714e-02,1.358763059996632439e-01,1.089097813224339240e-02,7.526340965065340949e-02,0.000000000000000000e+00,2.980232238769531250e-08
5.583333333333333481e-01,1.700000000000000000e+01,4.053070490428646588e-02,1.371385923537872809e-01,4.875520733714803351e-02,1.842264610279784054e-01,4.053070490428646588e-02,1.371385923537872809e-01,9.851027856859853951e-03,7.194295585348740862e-02,0.000000000000000000e+00,2.980232238769531250e-08
5.666666666666666519e-01,1.700000000000000000e+01,4.396571800411797765e-02,1.383644611889539855e-01,5.123370662287227151e-02,1.776200375043613389e-01,4.396571800411797765e-02,1.383644611889539855e-01,8.550142835626573304e-03,6.820294699755435897e-02,0.000000000000000000e+00,0.000000000000000000e+00
5.749999999999999556e-01,1.800000000000000000e+01,4.460155266667004820e-02,1.318314807168877167e-01,5.078149170142578356e-02,1.655357612081092833e-01,4.460155266667004820e-02,1.318314807168877167e-01,7.073084056843493769e-03,6.430717277411240884e-02,0.000000000000000000e+00,0.000000000000000000e+00
5.833333333333333703e-01,1.800000000000000000e+01,4.452086544452838607e-02,1.238018883842551543e-01,4.951392612426501472e-02,1.525385904624825539e-01,4.452086544452838607e-02,1.238018883842551543e-01,5.592460236923359890e-03,6.084830689692640598e-02,0.000000000000000000e+00,0.000000000000000000e+00
5.916666666666666741e-01,1.800000000000000000e+01,4.375928959592645384e-02,1.144109666091145255e-01,4.757194172827026307e-02,1.388046598607467208e-01,4.375928959592645384e-02,1.144109666091145255e-01,4.200866896836953808e-03,5.775907479006962136e-02,0.000000000000000000e+00,0.000000000000000000e+00
5.999999999999999778e-01,1.800000000000000000e+01,4.239868486559889016e-02,1.039207504250220931e-01,4.511482787771595865e-02,1.247064707261000410e-01,4.239868486559889016e-02,1.039207504250220931e-01,2.958358394697641232e-03,5.501248715649664084e-02,0.000000000000000000e+00,0.000000000000000000e+00
6.083333333333332815e-01,1.900000000000000000e+01,4.048784214977441120e-02,9.312244107964273709e-02,4.227436034299789785e-02,1.121323749352264587e-01,4.048784214977441120e-02,9.312244107964273709e-02,1.912191156032989415e-03,5.260276704346561472e-02,0.000000000000000000e+00,4.214684851089403467e-08
6.166666666666666963e-01,1.900000000000000000e+01,3.825349438752454617e-02,8.189444203276662060e-02,3.926117330294586621e-02,1.000014934095798946e-01,3.825349438752454617e-02,8.189444203276662060e-02,1.091828294774571488e-03,5.041278296941474613e-02,0.000000000000000000e+00,0.000000000000000000e+00
6.250000000000000000e-01,1.900000000000000000e+01,3.580311634998958187e-02,7.069351971834414439e-02,3.619341362208301077e-02,8.871549959277225117e-02,3.580311634998958187e-02,7.069351971834414439e-02,5.522340249049509028e-04,4.837204093851985021e-02,0.000000000000000000e+00,0.000000000000000000e+00
6.333333333333333037e-01,1.900000000000000000e+01,3.324612772109465653e-02,6.002900348650514611e-02,3.317662992237539049e-02,7.871902793727345027e-02,3.324612772109465653e-02,6.002900348650514611e-02,4.720412951066860251e-04,4.643296534968555100e-02,0.000000000000000000e+00,0.000000000000000000e+00
6.416666666666666075e-01,2.000000000000000000e+01,3.014669976863811052e-02,4.964367913217699463e-02,2.975284279829184392e-02,6.752998312239974488e-02,3.014669976863811052e-02,4.964367913217699463e-02,6.656342033624561240e-04,4.456285720108853210e-02,0.000000000000000000e+00,0.000000000000000000e+00
6.500000000000000222e-01,2.000000000000000000e+01,2.717196005642245546e-02,4.171804679821902034e-02,2.657793405385496313e-02,5.862548395620128389e-02,2.717196005642245546e-02,4.171804679821902034e-02,8.267300043861151903e-04,4.274241301450210084e-02,0.000000000000000000e+00,0.000000000000000000e+00
6.583333333333333259e-01,2.000000000000000000e+01,2.440179178690488060e-02,3.738785433018855520e-02,2.371307105876760413e-02,5.243178588507810267e-02,2.440179178690488060e-02,3.738785433018855520e-02,9.063649092095574667e-04,4.096812125093211854e-02,0.000000000000000000e+00,0.000000000000000000e+00
6.666666666666666297e-01,2.000000000000000000e+01,2.189606330854073496e-02,3.720119963555686138e-02,2.119910713302474922e-02,4.919531587915405846e-02,2.189606330854073496e-02,3.720119963555686138e-02,9.108160548759711194e-04,3.924151284414318513e-02,0.000000000000000000e+00,0.000000000000000000e+00
6.750000000000000444e-01,2.100000000000000000e+01,1.934154273408283942e-02,4.159655749801415003e-02,1.868810602621363490e-02,4.812789918311575349e-02,1.934154273408283942e-02,4.159655749801415003e-02,8.580754831649438450e-04,3.756414474093159456e-02,0.000000000000000000e+00,0.000000000000000000e+00
6.833333333333333481e-01,2.100000000000000000e+01,1.714135317605007883e-02,4.780238377461444588e-02,1.657998995460016611e-02,4.934847870519169094e-02,1.714135317605007883e-02,4.780238377461444588e-02,7.641678089505177414e-04,3.594629435515565852e-02,0.000000000000000000e+00,0.000000000000000000e+00
6.916666666666666519e-01,2.100000000000000000e+01,1.532246642786217611e-02,5.477807530770481548e-02,1.488264986364531625e-02,5.220558224433825140e-02,1.532246642786217611e-02,5.477807530770481548e-02,6.456627119353352011e-04,3.439373443372384376e-02,0.000000000000000000e+00,0.000000000000000000e+00
6.999999999999999556e-01,2.100000000000000000e+01,1.389081301089378426e-02,6.191476069876785532e-02,1.358485597081419798e-02,5.608776668149093036e-02,1.389081301089378426e-02,6.191476069876785532e-02,5.161465982434022869e-04,3.290830235653698782e-02,0.000000000000000000e+00,0.000000000000000000e+00
7.083333333333333703e-01,2.200000000000000000e+01,1.294058699267849021e-02,6.804526661514645469e-02,1.275299391979850365e-02,5.932163418898492302e-02,1.294058699267849021e-02,6.804526661514645469e-02,3.861342658662607558e-04,3.149342484176042428e-02,0.000000000000000000e+00,0.000000000000000000e+00
7.166666666666666741e-01,2.200000000000000000e+01,1.227122331557749420e-02,7.386847534759624634e-02,1.219154709222763228e-02,6.282233159064692929e-02,1.227122331557749420e-02,7.386847534759624634e-02,2.678206072970109588e-04,3.014960784414935646e-02,0.000000000000000000e+00,0.000000000000000000e+00
7.249999999999999778e-01,2.200000000000000000e+01,1.185143423290042387e-02,7.940392305812719875e-02,1.186522738117105728e-02,6.651620203288552413e-02,1.185143423290042387e-02,7.940392305812719875e-02,1.733144065386831847e-04,2.887467136826591535e-02,0.000000000000000000e+00,2.980232238769531250e-08
7.333333333333332815e-01,2.200000000000000000e+01,1.164606038765037162e-02,8.469723725030026129e-02,1.173502127655849138e-02,7.038588034007584038e-02,1.164606038765037162e-02,8.469723725030026129e-02,1.298401314667797812e-04,2.766474194074414195e-02,0.000000000000000000e+00,5.161913655903570101e-08
7.416666666666666963e-01,2.300000000000000000e+01,1.134553411507641628e-02,8.968198932423218639e-02,1.149113560642354287e-02,7.398293377187344089e-02,1.134553411507641628e-02,8.968198932423218639e-02,1.485545788268890762e-04,2.651228408080678542e-02,0.000000000000000000e+00,0.000000000000000000e+00
7.500000000000000000e-01,2.300000000000000000e+01,1.118816978502802650e-02,9.464745387623731132e-02,1.137813721820337722e-02,7.797679644327319692e-02,1.118816978502802650e-02,9.464745387623731132e-02,1.915852007022019311e-04,2.541821390229389091e-02,0.000000000000000000e+00,2.980232238769531250e-08
7.583333333333333037e-01,2.300000000000000000e+01,1.115969975740843147e-02,9.956987628916820487e-02,1.138203482179771762e-02,8.227297297811438093e-02,1.115969975740843147e-02,9.956987628916820487e-02,2.317493517046384011e-04,2.437435209169718300e-02,0.000000000000000000e+00,0.000000000000000000e+00
7.666666666666666075e-01,2.300000000000000000e+01,1.124149106907774628e-02,1.044527846786981184e-01,1.148459212843274194e-02,8.681035657571720132e-02,1.124149106907774628e-02,1.044527846786981184e-01,2.612201718879282575e-04,2.337674045030721862e-02,0.000000000000000000e+00,0.000000000000000000e+00
7.750000000000000222e-01,2.400000000000000000e+01,1.146091599746666342e-02,1.115810897556849257e-01,1.171595994887375883e-02,9.368772645661392617e-02,1.146091599746666342e-02,1.115810897556849257e-01,2.790369415807697636e-04,2.242233492327502797e-02,0.000000000000000000e+00,0.000000000000000000e+00
7.833333333333333259e-01,2.400000000000000000e+01,1.176500018168228148e-02,1.189247453104042285e-01,1.202198447983013167e-02,1.009967115252230763e-01,1.176500018168228148e-02,1.189247453104042285e-01,2.855212347914606397e-04,2.150655184113722806e-02,0.000000000000000000e+00,2.980232238769531250e-08
7.916666666666666297e-01,2.400000000000000000e+01,1.212398197879034634e-02,1.264959848862614589e-01,1.237397371538588413e-02,1.087024906734041924e-01,1.212398197879034634e-02,1.264959848862614589e-01,2.821957805902570418e-04,2.063004116606809157e-02,0.000000000000000000e+00,0.000000000000000000e+00
8.000000000000000444e-01,2.400000000000000000e+01,1.251698185207746755e-02,1.342791395463857063e-01,1.275315205419999195e-02,1.167536252916566569e-01,1.251698185207746755e-02,1.342791395463857063e-01,2.713652478930073109e-04,1.978780726256025579e-02,0.000000000000000000e+00,4.214684851089403467e-08
8.083333333333333481e-01,2.500000000000000000e+01,1.297384049330762949e-02,1.450563112899832530e-01,1.319295033373453670e-02,1.278746214877572174e-01,1.297384049330762949e-02,1.450563112899832530e-01,2.546916867694318286e-04,1.898083370176025658e-02,0.000000000000000000e+00,4.214684851089403467e-08
8.166666666666666519e-01,2.500000000000000000e+01,1.347276916853005872e-02,1.565646664019667289e-01,1.367016845546189727e-02,1.397927890813699947e-01,1.347276916853005872e-02,1.565646664019667289e-01,2.338297384025863224e-04,1.820477072785746039e-02,0.000000000000000000e+00,0.000000000000000000e+00
8.249999999999999556e-01,2.500000000000000000e+01,1.399738260388975510e-02,1.687470950941754588e-01,1.417041768928895516e-02,1.524362469657294383e-01,1.399738260388975510e-02,1.687470950941754588e-01,2.108848748973303597e-04,1.745885364841750706e-02,0.000000000000000000e+00,2.980232238769531250e-08
8.333333333333333703e-01,2.500000000000000000e+01,1.454663547275946572e-02,1.815221280810207227e-01,1.469424164155185702e-02,1.657108328584562529e-01,1.454663547275946572e-02,1.815221280810207227e-01,1.868949195590314356e-04,1.674222394138382558e-02,0.000000000000000000e+00,2.980232238769531250e-08
8.416666666666666741e-01,2.600000000000000000e+01,1.497955371029027413e-02,1.973832261653827580e-01,1.510553302681456704e-02,1.820664782634068002e-01,1.497955371029027413e-02,1.973832261653827580e-01,1.629904087193299563e-04,1.605654015359911368e-02,0.000000000000000000e+00,4.214684851089403467e-08
8.499999999999999778e-01,2.600000000000000000e+01,1.546815951871650767e-02,2.145790449749938322e-01,1.557185155121820763e-02,1.997762773158056337e-01,1.546815951871650767e-02,2.145790449749938322e-01,1.396153179197635375e-04,1.539577994053419746e-02,0.000000000000000000e+00,4.214684851089403467e-08
8.583333333333332815e-01,2.600000000000000000e+01,1.601732088660341724e-02,2.329272371677149622e-01,1.609966053543351178e-02,2.186460417907625520e-01,1.601732088660341724e-02,2.329272371677149622e-01,1.175974418024907021e-04,1.476287321937632888e-02,0.000000000000000000e+00,0.000000000000000000e+00
8.666666666666666963e-01,2.600000000000000000e+01,1.664077466732431093e-02,2.522314136966334330e-01,1.670375216014167996e-02,2.384739808193098443e-01,1.664077466732431093e-02,2.522314136966334330e-01,9.798748135508737668e-05,1.415594066976068148e-02,0.000000000000000000e+00,0.000000000000000000e+00
8.750000000000000000e-01,2.700000000000000000e+01,1.680642990566638337e-02,2.727523246652847622e-01,1.685449657628552977e-02,2.595005420053821399e-01,1.680642990566638337e-02,2.727523246652847622e-01,8.064713181926546628e-05,1.357184795251905815e-02,0.000000000000000000e+00,0.000000000000000000e+00
8.833333333333333037e-01,2.700000000000000000e+01,1.703144238651142436e-02,2.944829264698067273e-01,1.706601340803422587e-02,2.817337061233688988e-01,1.703144238651142436e-02,2.944829264698067273e-01,6.534367320694209759e-05,1.301170011390858673e-02,0.000000000000000000e+00,0.000000000000000000e+00
8.916666666666666075e-01,2.700000000000000000e+01,1.733406532637494363e-02,3.171594368665287544e-01,1.735723242931648189e-02,3.049039175830118298e-01,1.733406532637494363e-02,3.171594368665287544e-01,5.309101020574920663e-05,1.247488296141649813e-02,0.000000000000000000e+00,0.000000000000000000e+00
9.000000000000000222e-01,2.700000000000000000e+01,1.773047518644975742e-02,3.405483531288963639e-01,1.774395758457170819e-02,3.287756509661147741e-01,1.773047518644975742e-02,3.405483531288963639e-01,4.297947027443568862e-05,1.195961068598618698e-02,0.000000000000000000e+00,0.000000000000000000e+00
