episode,initial_object_xyz,zero_success,v_path_success,zero_termination,v_path_termination,zero_final_lift_m,v_path_final_lift_m
0,"[0.43264180421829224, -0.07406100630760193, 0.012636000290513039]",True,False,"{'time_out': False, 'demo_end_reached': True, 'success': True, 'object_deviation': False, 'hand_far_from_object': False}","{'time_out': False, 'demo_end_reached': False, 'success': False, 'object_deviation': True, 'hand_far_from_object': False}",0.24132481776177883,-3.520399332046509e-07
1,"[0.4358360469341278, 0.019203633069992065, 0.012636000290513039]",True,False,"{'time_out': False, 'demo_end_reached': True, 'success': True, 'object_deviation': False, 'hand_far_from_object': False}","{'time_out': False, 'demo_end_reached': False, 'success': False, 'object_deviation': True, 'hand_far_from_object': False}",0.23902643285691738,0.030342912301421165
2,"[0.4524625837802887, -0.06907656788825989, 0.012636000290513039]",True,False,"{'time_out': False, 'demo_end_reached': True, 'success': True, 'object_deviation': False, 'hand_far_from_object': False}","{'time_out': False, 'demo_end_reached': False, 'success': False, 'object_deviation': True, 'hand_far_from_object': False}",0.2446156796067953,-3.501772880554199e-07
3,"[0.4219668507575989, -0.09639867395162582, 0.012636000290513039]",True,False,"{'time_out': False, 'demo_end_reached': True, 'success': True, 'object_deviation': False, 'hand_far_from_object': False}","{'time_out': False, 'demo_end_reached': False, 'success': False, 'object_deviation': True, 'hand_far_from_object': False}",0.24520752392709255,0.023555131629109383
4,"[0.49204766750335693, -0.16133752465248108, 0.012636000290513039]",True,True,"{'time_out': False, 'demo_end_reached': True, 'success': True, 'object_deviation': False, 'hand_far_from_object': False}","{'time_out': False, 'demo_end_reached': True, 'success': True, 'object_deviation': False, 'hand_far_from_object': False}",0.24107075296342373,0.23697352968156338
5,"[0.4328061640262604, -0.06401297450065613, 0.012636000290513039]",True,True,"{'time_out': False, 'demo_end_reached': True, 'success': True, 'object_deviation': False, 'hand_far_from_object': False}","{'time_out': False, 'demo_end_reached': True, 'success': True, 'object_deviation': False, 'hand_far_from_object': False}",0.24481130205094814,0.23779801093041897
6,"[0.4915037751197815, -0.08200746029615402, 0.012636000290513039]",True,False,"{'time_out': False, 'demo_end_reached': True, 'success': True, 'object_deviation': False, 'hand_far_from_object': False}","{'time_out': False, 'demo_end_reached': False, 'success': False, 'object_deviation': True, 'hand_far_from_object': False}",0.23977929912507534,0.031000962480902672
7,"[0.47363972663879395, -0.1459842324256897, 0.012636000290513039]",True,True,"{'time_out': False, 'demo_end_reached': True, 'success': True, 'object_deviation': False, 'hand_far_from_object': False}","{'time_out': False, 'demo_end_reached': True, 'success': True, 'object_deviation': False, 'hand_far_from_object': False}",0.2417485173791647,0.24643400870263577
8,"[0.444214791059494, -0.14261123538017273, 0.012636000290513039]",True,True,"{'time_out': False, 'demo_end_reached': True, 'success': True, 'object_deviation': False, 'hand_far_from_object': False}","{'time_out': False, 'demo_end_reached': True, 'success': True, 'object_deviation': False, 'hand_far_from_object': False}",0.24292302690446377,0.22586368583142757
9,"[0.44460323452949524, 0.05151502788066864, 0.012636000290513039]",True,True,"{'time_out': False, 'demo_end_reached': True, 'success': True, 'object_deviation': False, 'hand_far_from_object': False}","{'time_out': False, 'demo_end_reached': True, 'success': True, 'object_deviation': False, 'hand_far_from_object': False}",0.23600687645375729,0.24242556653916836
10,"[0.4577605724334717, 0.010043531656265259, 0.012636000290513039]",True,False,"{'time_out': False, 'demo_end_reached': True, 'success': True, 'object_deviation': False, 'hand_far_from_object': False}","{'time_out': False, 'demo_end_reached': False, 'success': False, 'object_deviation': True, 'hand_far_from_object': False}",0.23877066932618618,1.4901161193847656e-08
11,"[0.41688212752342224, 0.07168479263782501, 0.012636000290513039]",True,False,"{'time_out': False, 'demo_end_reached': True, 'success': True, 'object_deviation': False, 'hand_far_from_object': False}","{'time_out': False, 'demo_end_reached': False, 'success': False, 'object_deviation': True, 'hand_far_from_object': False}",0.23729305528104305,-3.4458935260772705e-07
12,"[0.42276236414909363, -0.18558362126350403, 0.012636000290513039]",True,True,"{'time_out': False, 'demo_end_reached': True, 'success': True, 'object_deviation': False, 'hand_far_from_object': False}","{'time_out': False, 'demo_end_reached': True, 'success': True, 'object_deviation': False, 'hand_far_from_object': False}",0.2428723331540823,0.24686807952821255
13,"[0.46439722180366516, 0.09413881599903107, 0.012636000290513039]",True,False,"{'time_out': False, 'demo_end_reached': True, 'success': True, 'object_deviation': False, 'hand_far_from_object': False}","{'time_out': False, 'demo_end_reached': False, 'success': False, 'object_deviation': True, 'hand_far_from_object': False}",0.2675955053418875,-1.6260892152786255e-06
14,"[0.43011441826820374, -0.16787241399288177, 0.012636000290513039]",True,False,"{'time_out': False, 'demo_end_reached': True, 'success': True, 'object_deviation': False, 'hand_far_from_object': False}","{'time_out': False, 'demo_end_reached': False, 'success': False, 'object_deviation': True, 'hand_far_from_object': False}",0.2431358452886343,-3.4458935260772705e-07
15,"[0.45724236965179443, 0.15630923211574554, 0.012636000290513039]",False,False,"{'time_out': False, 'demo_end_reached': False, 'success': False, 'object_deviation': True, 'hand_far_from_object': False}","{'time_out': False, 'demo_end_reached': False, 'success': False, 'object_deviation': True, 'hand_far_from_object': False}",-3.4458935260772705e-07,-3.4086406230926514e-07
16,"[0.4568716883659363, -0.18678821623325348, 0.012636000290513039]",True,True,"{'time_out': False, 'demo_end_reached': True, 'success': True, 'object_deviation': False, 'hand_far_from_object': False}","{'time_out': False, 'demo_end_reached': True, 'success': True, 'object_deviation': False, 'hand_far_from_object': False}",0.24048522673547268,0.14728069864213467
17,"[0.4793374538421631, 0.09808413684368134, 0.012636000290513039]",True,False,"{'time_out': False, 'demo_end_reached': True, 'success': True, 'object_deviation': False, 'hand_far_from_object': False}","{'time_out': False, 'demo_end_reached': False, 'success': False, 'object_deviation': True, 'hand_far_from_object': False}",0.26235747896134853,0.07021421007812023
18,"[0.47546103596687317, -0.15931791067123413, 0.012636000290513039]",True,False,"{'time_out': False, 'demo_end_reached': True, 'success': True, 'object_deviation': False, 'hand_far_from_object': False}","{'time_out': False, 'demo_end_reached': False, 'success': False, 'object_deviation': True, 'hand_far_from_object': False}",0.24048245511949062,0.015441877767443657
19,"[0.4718260169029236, 0.10960410535335541, 0.012636000290513039]",True,False,"{'time_out': False, 'demo_end_reached': True, 'success': True, 'object_deviation': False, 'hand_far_from_object': False}","{'time_out': False, 'demo_end_reached': False, 'success': False, 'object_deviation': True, 'hand_far_from_object': False}",0.25351173244416714,-3.4458935260772705e-07
