scan_index,x_m,y_m,condition,yaw_deg,strict_pose,coarse_clear,screened_pass,max_speed,max_step,max_acceleration,max_position_error_m,max_rotation_error_rad,joint_limit_ok,max_speed_joint,min_joint_margin_rad
1410,0.42,0.04,before,0.0,True,True,True,8.069999211575904,0.0672499934297992,189.80502543066004,2.428329581201497e-12,8.588846624390761e-11,True,3,0.1408671007280362
1410,0.42,0.04,after,70.0,True,True,True,1.6363850848904615,0.01363654237408718,81.0961091134228,2.4912465244908755e-16,7.870063977598499e-16,True,4,1.1627026295553218
1411,0.44,0.04,before,0.0,True,True,True,8.559864688565986,0.07133220573804988,195.11122126750635,3.173768454399231e-15,5.006208889933249e-14,True,3,0.20269604678832698
1411,0.44,0.04,after,70.0,True,True,True,1.5903397297044997,0.01325283108087083,82.41070410019287,3.554447978966673e-16,1.1683745737483644e-15,True,4,1.255046992672017
1412,0.46,0.04,before,0.0,True,True,True,8.773411045095774,0.07311175870913145,200.57269754180496,1.2792602559660762e-12,5.011883211195253e-11,True,3,0.26593664505255976
1412,0.46,0.04,after,70.0,True,True,True,1.5376035161241663,0.012813362634368053,84.89933732823118,5.812540412712249e-16,2.6972936358352276e-15,True,4,1.0169544783637567
1413,0.48,0.04,before,0.0,True,True,True,9.310436147736167,0.0775869678978014,209.3559257784733,9.764766921113541e-15,5.855509692775318e-14,True,3,0.3307386311898797
1413,0.48,0.04,after,70.0,True,True,True,1.4771454313019383,0.012309545260849486,89.36032344812936,2.5069389188356857e-15,1.2983558686751715e-14,True,4,1.4519348774760772
1414,0.5,0.04,before,0.0,True,True,True,9.551250753284757,0.07959375627737297,210.19346703367745,5.5132077519858476e-15,6.27238734278297e-14,True,3,0.39718584908738075
1414,0.5,0.04,after,65.0,True,True,True,1.5011005951436562,0.012509171626197135,89.89507689342062,3.1315943902536954e-15,1.5387006228222796e-14,True,1,1.0569439850190694
1415,0.52,0.04,before,0.0,True,True,True,9.556500185740306,0.07963750154783589,204.46180351625287,8.813340699904993e-13,3.8396977040626056e-11,True,3,0.46530332497533866
1415,0.52,0.04,after,55.0,True,True,True,1.5408474368589165,0.012840395307157637,84.91999664156324,1.1360518491611624e-15,7.721838581466774e-15,True,1,1.3048056855696066
1416,0.54,0.04,before,0.0,True,True,True,9.448309167436024,0.07873590972863354,211.025086608689,5.848465986833237e-12,2.6671108983234176e-10,True,3,0.5351612766338278
1416,0.54,0.04,after,50.0,True,True,True,1.5821333595786191,0.01318444466315516,83.97531219136773,2.377601642993505e-15,3.4443808256789035e-14,True,1,0.2893982858038582
1417,0.56,0.04,before,0.0,True,True,True,9.427393996181195,0.07856161663484329,214.10386001761168,9.659951943581627e-13,4.3583849509880784e-11,True,3,0.6068154463549096
1417,0.56,0.04,after,45.0,True,True,True,1.6195887637464512,0.013496573031220427,82.58130205534897,1.2710114229825055e-15,1.2068537923139296e-14,True,1,1.2701427909189698
1418,0.58,0.04,before,0.0,True,True,True,9.48732458328994,0.07906103819408283,214.62603163589708,1.154199235962988e-12,5.3416337341441326e-11,True,3,0.6803582761474238
1418,0.58,0.04,after,35.0,True,True,True,1.6490318358912015,0.013741931965760013,77.52911223692927,9.647807741255788e-16,8.449966080299517e-15,True,1,1.1619350049002544
1419,0.6,0.04,before,0.0,True,True,True,9.44235180991841,0.07868626508265342,212.99469437869902,8.535307675617263e-13,4.11574628420247e-11,True,3,0.7560027607944229
1419,0.6,0.04,after,35.0,True,True,True,1.6719328192164262,0.013932773493470219,78.53767720308333,1.8654142230397135e-15,1.666860394565424e-14,True,1,1.2481591119748647
1420,0.62,0.04,before,0.0,True,True,True,9.563158851378164,0.07969299042815137,208.77858912525903,5.7127837019741376e-12,2.816726759989139e-10,True,3,0.8340123354708975
1420,0.62,0.04,after,35.0,True,True,True,1.7504232071159986,0.014586860059299989,80.77469091097882,6.337835425846302e-15,5.2335535376080264e-14,True,3,1.339843247379721
1421,0.64,0.04,before,0.0,True,True,True,9.73395535594518,0.0811162946328765,201.79022577769317,1.0798060471637326e-14,5.208987688087546e-14,True,3,0.914717182644001
1421,0.64,0.04,after,35.0,True,True,True,1.8413474482131509,0.015344562068442924,85.17830298562465,2.1453017682448188e-14,1.5368166975901127e-13,True,3,1.4383861067949957
1422,0.66,0.04,before,0.0,True,True,True,9.791925298932362,0.08159937749110302,207.18690264363744,2.4312246025172326e-12,1.1789093851982726e-10,True,3,0.14040978934030157
1422,0.66,0.04,after,30.0,True,True,True,2.030786702298535,0.016923222519154457,81.2166919239786,1.7282450236194447e-14,1.5518198919970355e-13,True,3,0.48692136279846476
1423,0.68,0.04,before,0.0,True,True,True,9.596151530038046,0.07996792941698372,205.5739699696872,1.6666521257398985e-12,8.034784498905823e-11,True,3,1.086273212111709
1423,0.68,0.04,after,25.0,True,True,True,2.044266694849899,0.017035555790415824,105.0368750941562,4.0878095256176045e-15,2.365548618882356e-14,True,3,1.4427564463038494
1424,0.7000000000000001,0.04,before,0.0,True,True,True,9.310691832147917,0.07758909860123264,195.2614265408009,8.241586341651565e-15,6.729009393008898e-14,True,3,0.9093698669882331
1424,0.7000000000000001,0.04,after,20.0,True,True,True,2.0790900035115545,0.017325750029262954,116.65598727458573,2.298169307991167e-14,1.1640703634411308e-13,True,3,0.14705186039678697
1425,0.72,0.04,before,0.0,True,True,True,9.278250553468936,0.07731875461224114,197.75767946883818,3.782863895583484e-12,1.823081172893422e-10,True,3,0.1662988855907237
1425,0.72,0.04,after,15.0,True,True,True,3.1178820855560474,0.02598235071296706,120.77575732335788,1.0922171674730961e-14,6.785357835354525e-14,True,3,0.5304409056455812
1445,0.4,0.06,before,0.0,True,True,False,11.846048860038257,0.09871707383365214,268.96092999566747,2.0616257199141842e-14,2.3412885788175697e-13,True,3,0.05713597795424441
1445,0.4,0.06,after,75.0,True,True,True,1.6716036964121628,0.01393003080343469,80.50903284480952,3.030954607830199e-16,1.025079205553247e-15,True,4,1.1172586174514767
1446,0.42,0.06,before,0.0,True,True,False,12.80688313390045,0.10672402611583709,325.63393182880804,6.155248691887286e-15,5.787271627454812e-14,True,3,0.11984557096378445
1446,0.42,0.06,after,75.0,True,True,True,1.6312088538078218,0.013593407115065181,81.42443200985454,3.11864493316497e-16,1.4853771724010092e-15,True,4,0.2676403700692429
1447,0.44,0.06,before,0.0,True,True,False,14.901748845260126,0.12418124037716771,393.95633460896187,1.1493087522235494e-14,5.368102783035869e-14,True,3,0.18373930089708201
1447,0.44,0.06,after,75.0,True,True,True,1.5847652810411894,0.013206377342009912,83.34060404161754,4.552252871008668e-16,1.4357978313370226e-15,True,4,1.3053296211459
1448,0.46,0.06,before,0.0,True,True,False,15.982718664645592,0.13318932220537993,455.0486634459361,7.43104676061625e-15,6.76763662798038e-14,True,3,0.11903697167546934
1448,0.46,0.06,after,75.0,True,True,True,1.5314575588024582,0.012762146323353818,86.84711904903644,1.721349243889735e-15,1.116395360296243e-14,True,4,1.0025984916535418
1449,0.48,0.06,before,0.0,True,True,False,16.340105475880016,0.13616754563233346,468.7936843574903,4.96511194459844e-15,6.145104117530389e-14,True,3,0.10325166720521484
1449,0.48,0.06,after,70.0,True,True,True,1.4729432013375643,0.012274526677813036,87.69812911585859,2.3553431182754313e-15,1.567086779922523e-14,True,4,1.0378183616691672
1450,0.5,0.06,before,0.0,True,True,False,17.848972837281153,0.14874144031067627,452.7997273405921,5.932230804328278e-15,6.017623092113665e-14,True,3,0.3821096517394107
1450,0.5,0.06,after,65.0,True,True,True,1.5039500410694018,0.012532917008911681,88.01038371692727,2.1603931649651243e-15,1.0443918210439985e-14,True,1,1.3917792496888972
1451,0.52,0.06,before,0.0,True,True,False,18.090494695272206,0.1507541224606017,492.9904817191584,1.9482369126317105e-14,7.772202173239518e-13,True,3,0.08549380824747033
1451,0.52,0.06,after,60.0,True,True,True,1.5448119773259794,0.012873433144383162,87.75937429703156,4.353026480144261e-15,3.330400759170296e-14,True,1,1.3742493462390193
1452,0.54,0.06,before,0.0,True,True,False,17.419011449446984,0.14515842874539153,499.8740137862711,1.0001909513453785e-14,3.7106340990757813e-13,True,3,0.08196363422061204
1452,0.54,0.06,after,50.0,True,True,True,1.5868637265078478,0.013223864387565398,82.67335692026859,1.0016071625299566e-15,1.1138530705325108e-14,True,1,1.2506517573774039
1453,0.56,0.06,before,0.0,True,True,False,16.567947957996054,0.13806623298330045,482.36692980168704,5.406134278079866e-15,4.650504673455078e-14,True,3,0.5760083335295603
1453,0.56,0.06,after,45.0,True,True,True,1.6219421026438985,0.013516184188699154,81.2611241535942,1.1565285756854153e-15,1.049894775989867e-14,True,1,1.2364571703108904
1454,0.58,0.06,before,0.0,True,True,False,15.965160865267327,0.13304300721056106,457.9668330959109,5.659612372206747e-15,4.6536867995401236e-14,True,3,0.6012072285786125
1454,0.58,0.06,after,40.0,True,True,True,1.6498523013127375,0.013748769177606146,79.44207454357937,1.53442150565397e-15,1.8913016634029157e-14,True,1,1.2258995741172614
1455,0.6,0.06,before,0.0,True,True,False,15.692269030340249,0.13076890858616874,436.5891680692862,3.5393953801216032e-15,6.414353589928206e-14,True,3,0.042937430544498056
1455,0.6,0.06,after,40.0,True,True,True,1.689088847640745,0.014075740397006209,81.5712992364988,3.0871450127585904e-15,1.9212713378727222e-14,True,1,1.3162641317671198
1456,0.62,0.06,before,0.0,True,True,False,15.600956888924031,0.13000797407436693,416.6635062918239,2.47041190007312e-15,4.069125294088813e-14,True,3,0.08614958237340442
1456,0.62,0.06,after,40.0,True,True,True,1.759711768000538,0.014664264733337817,85.72000333378647,1.6680385103639998e-14,1.076740200340584e-13,True,1,1.413297665960282
1457,0.64,0.06,before,0.0,True,True,False,15.396247714830418,0.12830206429025348,391.18200814115414,4.6384261062333736e-15,5.898746754962887e-14,True,3,0.09083570758939263
1457,0.64,0.06,after,35.0,True,True,True,1.8720562080544578,0.015600468400453815,82.35735267464506,1.3310216600240198e-14,1.0018967772205657e-13,True,3,0.9637211093440934
1458,0.66,0.06,before,0.0,True,True,False,14.741576080900618,0.12284646734083848,355.4349511066143,3.5821111500820454e-15,2.355341720863253e-14,True,3,0.9877002418666401
1458,0.66,0.06,after,35.0,True,True,True,2.0621102076033093,0.017184251730027578,91.37471402643467,1.2811009799030172e-14,7.787496361045977e-14,True,2,1.514787667425725
1459,0.68,0.06,before,0.0,True,True,False,13.4456404026513,0.1120470033554275,316.0868701898238,5.4801097983355665e-15,2.1675865392527397e-14,True,3,0.4446272956285737
1459,0.68,0.06,after,30.0,True,True,True,2.083142972698564,0.017359524772488033,101.51123695643562,8.77819170831486e-15,4.671871056703713e-14,True,2,1.5177269526261306
1460,0.7000000000000001,0.06,before,0.0,True,True,False,13.016664362248287,0.10847220301873572,318.14757777531713,7.464060156611543e-15,2.996189961672574e-14,True,3,1.1673142725540655
1460,0.7000000000000001,0.06,after,25.0,True,True,True,2.095127204359688,0.017459393369664067,112.89004175619866,1.2459726448770174e-14,9.804594621244539e-14,True,2,0.14120906279241563
1461,0.72,0.06,before,0.0,True,True,False,12.295458087209123,0.1024621507267427,289.5361214653953,2.679707035787272e-15,1.7480012012025013e-14,True,3,0.3997468186204003
1461,0.72,0.06,after,-45.0,True,True,True,5.684742285319917,0.047372852377665975,235.44338149002044,1.0345087990040862e-14,5.2881667355104506e-14,True,5,1.2558538610068775
1462,0.74,0.06,before,0.0,True,True,False,10.853087680768443,0.09044239733973702,246.25375967539114,1.746061904975859e-14,7.360158138043161e-14,True,3,1.3680558757159238
1462,0.74,0.06,after,15.0,True,True,True,2.1022494065209507,0.017518745054341256,131.36565833758453,2.253373718038701e-14,1.1112968824157071e-13,True,2,1.579027826173004
1463,0.76,0.06,before,0.0,True,True,True,9.999999999999964,0.08333333333333304,208.38521707914134,4.230507854783348e-06,0.00019784876219974628,True,3,1.4798235478935906
1463,0.76,0.06,after,10.0,True,True,True,2.191508891036942,0.018262574091974515,145.636918484891,3.480261709771254e-14,1.5215673131294924e-13,True,2,0.9120252866148446
1481,0.4,0.08,before,0.0,True,True,False,21.43147823533603,0.17859565196113358,542.5663242868817,1.2762391619402661e-14,1.6953002416322654e-13,True,3,0.04040317861151976
1481,0.4,0.08,after,75.0,True,True,True,1.6655033384354745,0.013879194486962287,80.68896606639112,2.779024842816778e-16,9.518179688573627e-16,True,4,1.0909068926896912
1482,0.42,0.08,before,0.0,True,True,False,28.149387065755885,0.2345782255479657,711.2360283180005,1.016617876307093e-14,7.674686303671446e-14,True,3,0.10458389478253327
1482,0.42,0.08,after,75.0,True,True,True,1.624132771274196,0.0135344397606183,81.33658391139491,3.002224531865041e-16,1.1018648905114063e-15,True,4,1.1819027335341983
1483,0.44,0.08,before,0.0,True,True,False,34.084397726840216,0.28403664772366843,948.3865962795982,4.08672576031055e-15,5.551050601879529e-14,True,3,0.16991370683679463
1483,0.44,0.08,after,75.0,True,True,True,1.5768198002349898,0.013140165001958248,82.89532064675704,3.1309716410295113e-16,1.428266430710657e-15,True,4,1.2782135161535515
1485,0.48,0.08,before,0.0,True,True,False,56.952809903269106,0.4746067491939092,1904.8131832470276,1.1758188618183352e-14,4.2682212410055327e-13,True,3,0.3036197388238788
1485,0.48,0.08,after,70.0,True,True,True,1.468213743912834,0.01223511453260695,86.45437820059207,1.2543094401183198e-15,5.584598387299587e-15,True,4,1.3696383946709134
1486,0.5,0.08,before,0.0,True,True,False,57.65056234667217,0.4804213528889347,2112.5278370558535,4.356940267762778e-15,8.459597523253408e-14,True,3,0.3719413628536632
1486,0.5,0.08,after,65.0,True,True,True,1.5103108828727452,0.012585924023939543,86.57663588609061,1.823490622126849e-15,7.008049252525984e-15,True,1,1.354305946387745
1487,0.52,0.08,before,0.0,True,True,False,65.81131439799937,0.548427619983328,3246.900345845121,4.655847860815649e-15,2.494625608654065e-14,True,3,0.44141341244152965
1487,0.52,0.08,after,60.0,True,True,True,1.548229065895681,0.012901908882464008,86.1960202431515,2.3351414200308256e-15,2.837450744001962e-14,True,1,0.21667981586984908
1488,0.54,0.08,before,0.0,True,True,False,66.19497764376123,0.5516248136980103,3660.6859342756966,6.559721437509827e-15,4.0408355805773346e-14,True,3,0.5070863553210812
1488,0.54,0.08,after,55.0,True,True,True,1.5928553757222907,0.013273794797685756,85.31805333614848,1.9528271513068344e-15,1.142950204566467e-14,True,1,1.322840174583819
1489,0.56,0.08,before,0.0,True,True,False,61.24685229477905,0.5103904357898255,2238.1552489152896,1.1171619185290638e-14,4.941431054412193e-13,True,3,0.008541707814273991
1489,0.56,0.08,after,45.0,True,True,True,1.6265985126684601,0.013554987605570501,80.14305226229794,2.522247369371196e-15,1.339982160654386e-14,True,1,0.20322309353596868
1490,0.58,0.08,before,0.0,True,True,False,50.78419835952651,0.4232016529960543,1871.3375770719936,7.993921996680101e-15,8.400591858127379e-14,True,3,0.6592949377950912
1490,0.58,0.08,after,40.0,True,True,True,1.6520797068691229,0.013767330890576024,78.29580217264206,2.584847415819394e-15,2.5191178166563582e-14,True,1,1.020165849798543
1492,0.62,0.08,before,0.0,True,True,False,37.766938306617426,0.31472448588847857,936.7599271906555,5.437419273448735e-15,1.1232515002995873e-13,True,3,0.1526418166064225
1492,0.62,0.08,after,40.0,True,True,True,1.7540805637969736,0.014617338031641447,83.26893023844022,1.5317639333195873e-14,1.03904034392508e-13,True,3,1.3852960142473552
1493,0.64,0.08,before,0.0,True,True,False,31.431790655546816,0.26193158879622347,982.8638013431644,9.161736712012632e-15,1.0528328191779833e-13,True,3,0.8960772267236077
1493,0.64,0.08,after,35.0,True,True,True,1.9230564466403433,0.016025470388669527,80.05811206687987,1.5907795266118738e-14,1.0247767475357639e-13,True,3,1.3835727961200266
1494,0.66,0.08,before,0.0,True,True,False,25.879915095226284,0.2156659591268857,886.5213665480537,9.682241248854282e-15,5.552934376470017e-14,True,3,0.7332022234355007
1494,0.66,0.08,after,35.0,True,True,True,2.009366009260365,0.016744716743836374,85.58811897935072,2.235583688436544e-14,1.4782198751510926e-13,True,3,1.4887047047162865
1495,0.68,0.08,before,0.0,True,True,False,21.716038626479516,0.18096698855399596,706.9487901305721,5.856542581561998e-15,6.594365409171501e-14,True,3,0.0670144248707798
1495,0.68,0.08,after,30.0,True,True,True,2.047565516283889,0.01706304596903241,103.42549345163725,5.043291961660561e-15,2.750741383349045e-14,True,3,1.4940566314441002
1496,0.7000000000000001,0.08,before,0.0,True,True,False,20.315505019173383,0.16929587515977818,531.1586461236668,5.749094492339172e-15,4.932203712472908e-14,True,3,0.8649290945497281
1496,0.7000000000000001,0.08,after,25.0,True,True,True,2.0754430985096484,0.01729535915424707,112.89741918383065,7.905224527834553e-15,4.1135270675649617e-14,True,3,1.5080537748099332
1497,0.72,0.08,before,0.0,True,True,False,16.971750946233346,0.14143125788527788,392.4752499608481,3.646697385477445e-15,2.1179949398841713e-14,True,3,1.2574654062085302
1497,0.72,0.08,after,-45.0,True,True,True,5.415935288467351,0.045132794070561255,228.4103580632582,9.65432325114524e-15,4.7015839619838346e-14,True,5,0.5993327198115264
1498,0.74,0.08,before,0.0,True,True,False,14.861983410970465,0.12384986175808721,340.98601666385235,1.614549998699293e-14,8.3278882395792e-14,True,3,1.3608461357917867
1498,0.74,0.08,after,-40.0,True,True,True,6.781125622321618,0.05650938018601348,267.8798519311272,1.416084598978991e-14,7.960377989475875e-14,True,5,1.000992470363177
1499,0.76,0.08,before,0.0,True,True,False,12.7639375058566,0.10636614588213833,264.76399773760807,3.2124605855954973e-15,8.337613458851338e-14,True,3,0.2197131462845352
1499,0.76,0.08,after,-35.0,True,True,True,9.059446311567445,0.07549538592972871,325.3656660757962,1.9058725291668886e-14,9.087840603823943e-14,True,5,0.36468571539282113
1500,0.78,0.08,before,0.0,True,True,True,2.2354096655571443,0.01862841387964287,157.7219140575002,1.8619047524877797e-14,6.748603761574365e-14,True,3,1.5374825262980316
1500,0.78,0.08,after,0.0,True,True,True,2.2354096655571443,0.01862841387964287,157.7219140575002,1.8619047524877797e-14,6.748603761574365e-14,True,3,1.5374825262980316
1517,0.4,0.1,before,0.0,True,True,False,85.0203136934503,0.7085026141120858,3893.5843448766027,1.5361605118459565e-14,1.3899277525153582e-13,True,3,0.030675468116634796
1517,0.4,0.1,after,80.0,True,True,True,1.656164762118859,0.01380137301765716,80.76248215275044,1.2369150123679558e-15,5.385153918933537e-15,True,4,1.1428400277966
1518,0.42,0.1,before,0.0,True,True,False,58.74410246651222,0.4895341872209351,2236.2421855818016,1.0525808038959492e-14,1.0162823488248167e-13,True,5,0.043999660072869595
1518,0.42,0.1,after,80.0,True,True,True,1.614292671912354,0.01345243893260295,81.93273318189239,4.1284960951691644e-16,9.222205069512405e-16,True,4,1.2379573927918441
1519,0.44,0.1,before,0.0,True,True,False,42.85219809994088,0.3571016508328406,1165.0133576597782,4.8200895521889406e-15,3.311317018448182e-14,True,5,0.16205931682497754
1519,0.44,0.1,after,80.0,True,True,True,1.5663065752429262,0.013052554793691051,84.30341192921347,5.592593521511171e-16,2.2948339460476123e-15,True,4,1.3391044615104315
1520,0.46,0.1,before,0.0,True,True,False,33.559637103266944,0.27966364252722453,818.8870869487936,6.885428443116208e-15,4.995426890390409e-14,True,5,0.22910176038057095
1520,0.46,0.1,after,75.0,True,True,True,1.5135925795438077,0.012613271496198397,85.10278008241823,7.771561172376096e-16,2.8726685547954236e-15,True,4,1.348617565235643
1521,0.48,0.1,before,0.0,True,True,False,30.604846920187928,0.25504039100156606,675.9464239475833,3.6338676666803996e-15,3.5514978260033096e-14,True,5,0.2972196338137465
1521,0.48,0.1,after,75.0,True,True,True,1.4731700412407989,0.01227641701033999,89.75678111184529,2.6355376941768456e-15,1.43005603632419e-14,True,1,1.4462845283966406
1522,0.5,0.1,before,0.0,True,True,False,28.393299877014044,0.23661083230845037,589.1013846795888,4.41287467006352e-15,3.649622646024411e-14,True,5,0.07493807067218405
1522,0.5,0.1,after,65.0,True,True,True,1.518974109063298,0.012658117575527483,85.45175071904279,1.2500798202018155e-15,5.78861810317686e-15,True,1,1.3214941434999596
1523,0.52,0.1,before,0.0,True,True,False,26.710234022746597,0.2225852835228883,684.9660067009686,3.601920942687412e-15,2.465788475630567e-14,True,5,0.07229631898490041
1523,0.52,0.1,after,60.0,True,True,True,1.5561243216667897,0.012967702680556581,84.94674204342125,1.1261549042556244e-15,8.10956934719593e-15,True,1,1.3069978357740608
1524,0.54,0.1,before,0.0,True,True,False,27.71179693624452,0.230931641135371,660.2200779172477,6.585152893276131e-15,4.817127333082494e-14,True,5,0.5078511682736706
1524,0.54,0.1,after,55.0,True,True,True,1.5977976443076347,0.01331498036923029,83.98627723254677,1.0357330635949064e-15,8.91260878588658e-15,True,1,1.148076690404526
1525,0.56,0.1,before,0.0,True,True,False,29.961423661177005,0.24967853050980837,563.7707391178736,3.234090342272182e-15,2.1863017757839667e-14,True,5,0.0621627566381493
1525,0.56,0.1,after,45.0,True,True,True,1.6326689647861459,0.013605574706551216,79.15840574070643,1.042682815436504e-15,1.112912058949497e-14,True,1,1.1819919875418665
1526,0.58,0.1,before,0.0,True,True,False,32.464317314382235,0.27053597761985193,704.6105582320507,4.921510474700997e-15,1.0836652053967933e-13,True,5,0.05446112405468906
1526,0.58,0.1,after,40.0,True,True,True,1.655526686747053,0.013796055722892109,77.26181263733079,4.60401754567903e-15,8.758614810347653e-14,True,1,1.0044752937527752
1527,0.6,0.1,before,0.0,True,True,False,36.58811944866048,0.30490099540550397,921.7612668187359,5.5841155560737514e-15,3.724328978467099e-14,True,5,0.7317965287967991
1527,0.6,0.1,after,40.0,True,True,True,1.7115242787251184,0.01426270232270932,78.53303244661589,1.9255649376051453e-15,1.8872015794604415e-14,True,3,1.266064911527474
1528,0.62,0.1,before,0.0,True,True,False,45.27097419926394,0.37725811832719947,1495.4026961573163,7.784786478914684e-15,6.206442790580505e-14,True,5,0.035219990195591855
1528,0.62,0.1,after,40.0,True,True,True,1.7864925410602073,0.014887437842168394,81.24168089348025,9.65101116792691e-15,7.620821866341083e-14,True,3,0.9922485916653496
1529,0.64,0.1,before,0.0,True,True,False,67.94872358935811,0.566239363244651,3071.989351561883,8.914034868987701e-15,4.089011697729192e-14,True,5,0.8922802625434152
1529,0.64,0.1,after,40.0,True,True,True,1.8765002406449671,0.015637502005374726,86.62756833459255,1.53781982795187e-14,1.0026282083369782e-13,True,3,1.4649282162997028
1530,0.66,0.1,before,0.0,True,True,False,88.38610674709014,0.7365508895590844,4329.448703807935,1.2664203759419307e-14,1.7925941110853729e-13,True,3,0.7166804429901497
1530,0.66,0.1,after,35.0,True,True,True,2.019908388857079,0.016832569907142325,98.54518494998423,3.555423151044058e-15,1.9974239777158365e-14,True,3,1.4668462274522038
1531,0.68,0.1,before,0.0,True,True,False,56.52309412760631,0.47102578439671927,1951.762905749411,1.1515539212433713e-14,6.324320201375515e-14,True,3,0.7642631493799419
1531,0.68,0.1,after,30.0,True,True,True,2.0527745512426776,0.01710645459368898,105.94230800619755,5.046346073116689e-15,2.7861427824303926e-14,True,3,1.4751159589346237
1532,0.7000000000000001,0.1,before,0.0,True,True,False,36.85048212928925,0.30708735107741036,1354.3662677005377,1.5997809130059653e-14,1.3198248307906655e-13,True,3,1.1572571229765787
1532,0.7000000000000001,0.1,after,25.0,True,True,True,2.0773606243979614,0.01731133853664968,115.34516914579562,8.15656279273979e-15,4.4883642937594855e-14,True,3,1.4915014185296651
1533,0.72,0.1,before,0.0,True,True,False,26.364551784933347,0.21970459820777788,767.9498413667636,4.905994277335102e-15,3.4542229933874264e-14,True,3,1.2544928209340542
1533,0.72,0.1,after,-45.0,True,True,True,5.174427201549445,0.04312022667957871,221.68312796787575,1.1840998298088986e-14,6.860165032188447e-14,True,5,1.313220475425838
1534,0.74,0.1,before,0.0,True,True,False,21.541381264055772,0.1795115105337981,462.92704369793046,3.770790888789971e-15,2.373875164237089e-14,True,3,1.3579204954329944
1534,0.74,0.1,after,-40.0,True,True,True,6.410196999930742,0.05341830833275618,259.7087216540537,1.3512975228100762e-14,6.968055120301002e-14,True,5,0.5154817908516556
1535,0.76,0.1,before,0.0,True,True,False,16.586559478317113,0.13822132898597594,332.1962313376695,4.505796549537073e-15,1.0177966556558224e-13,True,3,0.10433687919871026
1535,0.76,0.1,after,-35.0,True,True,True,8.392137869522793,0.06993448224602328,315.47201532600724,1.0744105883120235e-14,5.071189589534468e-14,True,5,0.3975049395104939
1536,0.78,0.1,before,0.0,True,True,False,13.546661642505917,0.11288884702088264,242.17599877792537,6.915108241827907e-15,2.702533514918686e-13,True,3,0.13175065495085914
1536,0.78,0.1,after,5.0,True,True,True,2.4343677664605634,0.02028639805383803,158.84601367148542,2.1722502995849946e-14,7.565227815320792e-14,True,2,1.5222222486059405
1537,0.8,0.1,before,0.0,True,True,True,3.465461249824513,0.028878843748537608,171.72015858981277,1.998033745494256e-14,5.251238198724275e-14,True,2,0.7020642293192525
1537,0.8,0.1,after,-10.0,True,True,True,2.589564452608335,0.021579703771736125,153.9674908568906,3.202499127002191e-14,7.324567023424808e-14,True,2,0.6512256889853303
1553,0.4,0.12,before,0.0,True,True,False,29.039849242923577,0.2419987436910298,678.6560804998771,6.02711541610531e-15,6.408493893772216e-14,True,5,0.027564345341891894
1553,0.4,0.12,after,80.0,True,True,True,1.6462018291284952,0.013718348576070793,80.90707726822349,1.5275656190879576e-15,7.481453496197086e-15,True,4,1.010096433539438
1554,0.42,0.12,before,0.0,True,True,False,23.991105064460267,0.1999258755371689,402.16243779054537,1.0906387359031608e-14,9.265081441667435e-14,True,5,0.09399081187493552
1554,0.42,0.12,after,80.0,True,True,True,1.602854216698013,0.013357118472483442,81.86800703408768,3.1062693092164517e-16,8.899114524108741e-16,True,4,1.220275094474431
1555,0.44,0.12,before,0.0,True,True,False,21.063502159266108,0.1755291846605509,318.1422042839181,5.646605654313002e-15,4.3928826447805493e-14,True,5,0.13283602645077508
1555,0.44,0.12,after,80.0,True,True,True,1.5534423618797355,0.012945353015664463,83.94485505986928,5.045868990055059e-16,1.8394221174867655e-15,True,4,1.320994302752341
1556,0.46,0.12,before,0.0,True,True,False,18.880822822067547,0.15734019018389622,271.8487856441033,9.646050893770668e-15,1.3451499207347093e-13,True,5,0.13703298918005213
1556,0.46,0.12,after,75.0,True,True,True,1.5039560042627542,0.012532966702189619,84.53350795554506,4.697995015182298e-16,2.4856353838795926e-15,True,4,1.3185801348756114
1557,0.48,0.12,before,0.0,True,True,False,18.09491395247729,0.15079094960397743,285.27538876030434,5.192091987876511e-15,4.473447399934737e-14,True,5,0.13782562841581036
1557,0.48,0.12,after,75.0,True,True,True,1.4837229129409524,0.01236435760784127,88.61720409446754,2.1784590829218225e-15,1.1185600281215484e-14,True,1,1.415212931896492
1558,0.5,0.12,before,0.0,True,True,False,16.76507844329077,0.13970898702742307,276.31715733105864,6.273635065613236e-15,5.175746498809613e-14,True,5,0.3653024489794787
1558,0.5,0.12,after,70.0,True,True,True,1.527793132967381,0.012731609441394842,88.87768514245629,2.8431519766945463e-15,2.6976649022922363e-14,True,1,1.4021774638758138
1559,0.52,0.12,before,0.0,True,True,False,17.053660931686814,0.14211384109739011,287.96965840703734,7.289155296313649e-15,6.081097541469677e-14,True,5,0.4358900945410844
1559,0.52,0.12,after,60.0,True,True,True,1.5660444265684514,0.013050370221403762,83.91440660434758,1.5031636673213949e-15,2.5869447231270686e-14,True,1,1.2799083670458735
1560,0.54,0.12,before,0.0,True,True,False,17.446940105569535,0.1453911675464128,321.3896298717096,1.6709340622472736e-15,9.018432315720283e-15,True,5,0.12089396932229857
1560,0.54,0.12,after,55.0,True,True,True,1.6047936874893942,0.013373280729078285,82.86383351972813,2.2562397986482602e-15,2.7792576890089633e-14,True,1,1.1686004106745305
1561,0.56,0.12,before,0.0,True,True,False,17.647385342647652,0.14706154452206377,349.8400829058159,2.0920506204726484e-15,8.092768564775158e-15,True,5,0.11169192906369307
1561,0.56,0.12,after,50.0,True,True,True,1.637202247607168,0.013643352063393066,81.39830730180009,1.050049771587716e-14,6.568583766048536e-14,True,1,0.13024318178106586
1562,0.58,0.12,before,0.0,True,True,False,18.243673409974967,0.15203061174979138,382.07311904371494,3.6462418449814826e-15,2.1897627652051234e-14,True,5,0.6554714479977657
1562,0.58,0.12,after,45.0,True,True,True,1.6626682836360995,0.01385556903030083,79.52938777345118,1.875761556115553e-15,2.3817324504733357e-14,True,1,1.2498603503862014
1563,0.6,0.12,before,0.0,True,True,False,20.271596194401127,0.16892996828667606,432.22607084661627,4.327467204641039e-15,2.344929589264126e-14,True,5,0.7320747686646609
1563,0.6,0.12,after,45.0,True,True,True,1.709417666704427,0.014245147222536891,82.2168819834669,5.57640183945443e-15,3.380588091642714e-14,True,1,1.3445708511045187
1564,0.62,0.12,before,0.0,True,True,False,23.161285372401377,0.19301071143667814,524.5305540752865,3.229233296602258e-15,2.2177547294766917e-14,True,5,0.8109908170342921
1564,0.62,0.12,after,45.0,True,True,True,1.7951294810374474,0.014959412341978728,87.4903723060676,1.8179038618645378e-14,1.283339781550423e-13,True,1,1.4465338780262562
1565,0.64,0.12,before,0.0,True,True,False,27.43304711947384,0.22860872599561533,696.7849649818085,9.340279587309023e-15,4.8963891738858105e-14,True,5,0.8925479901147684
1565,0.64,0.12,after,40.0,True,True,True,1.9165579002376631,0.01597131583531386,83.99597996704102,2.2217887529351413e-14,1.5140237819984637e-13,True,3,1.4451545363400884
1566,0.66,0.12,before,0.0,True,True,False,35.71218168714854,0.29760151405957114,933.5698386695327,9.989269838512408e-15,4.038659309333529e-14,True,5,0.04827120023953313
1566,0.66,0.12,after,35.0,True,True,True,2.027213079070318,0.016893442325585983,100.57020712660645,1.0848312089063737e-14,5.4938654689439345e-14,True,3,1.300707778136645
1567,0.68,0.12,before,0.0,True,True,False,52.64694744040878,0.4387245620034065,1967.3871639743509,3.0759890491979342e-15,2.6841765765251286e-14,True,5,1.0653268570644248
1567,0.68,0.12,after,30.0,True,True,True,2.0573039824466477,0.017144199853722064,108.5403988667121,5.388233186666786e-15,2.902794022469795e-14,True,3,1.4606519349443738
1568,0.7000000000000001,0.12,before,0.0,True,True,False,123.35864220569954,1.0279886850474962,7551.60464781556,3.351536037049895e-15,3.2627407448115614e-14,True,5,0.21262232891227661
1568,0.7000000000000001,0.12,after,25.0,True,True,True,2.078346523082626,0.017319554359021883,117.87378671047719,9.218372129350242e-15,4.826618985371868e-14,True,3,1.479417243945138
1569,0.72,0.12,before,0.0,True,True,False,59.320667644139114,0.49433889703449263,2540.158849214958,5.795484488041537e-15,3.911116905014767e-14,True,3,0.8332182581741341
1569,0.72,0.12,after,20.0,True,True,True,2.0877244174325504,0.017397703478604587,127.6945482081345,1.565956318241417e-14,8.152043260864447e-14,True,3,1.5088204887793701
1570,0.74,0.12,before,0.0,True,True,False,34.61386293037929,0.28844885775316076,1047.2317443165437,9.867382828985146e-15,3.5307506370845876e-14,True,3,0.05094397795115402
1570,0.74,0.12,after,-35.0,True,True,True,7.462710682177871,0.06218925568481559,285.0432193129187,1.5265112399692834e-14,8.781750440448406e-14,True,5,0.988201460193892
1571,0.76,0.12,before,0.0,True,True,False,23.896388202156054,0.19913656835130045,500.01489289183,2.020827022305149e-15,1.4184633913398717e-14,True,3,0.9720847596585509
1571,0.76,0.12,after,-30.0,True,True,False,10.370154126049727,0.08641795105041439,351.2118663477638,1.3441724672627463e-14,6.881963245768154e-14,True,5,1.4151956051603534
1572,0.78,0.12,before,0.0,True,True,False,17.020820612577175,0.14184017177147645,282.28987332755116,1.490867821058642e-14,5.972395842584446e-14,True,3,1.1280143852610518
1572,0.78,0.12,after,5.0,True,True,True,2.4511493262901096,0.020426244385750914,163.11864433446246,2.42367687406913e-14,1.2507156543240807e-13,True,2,1.6566918947624238
1573,0.8,0.12,before,0.0,True,True,True,3.50982836155856,0.029248569679654668,189.94303562717656,3.2758967139104665e-14,8.357026944487325e-14,True,2,0.6708539480579008
1573,0.8,0.12,after,-10.0,True,True,True,2.6670580371042485,0.022225483642535404,150.93936727571347,3.3989872721142397e-14,7.222113119658627e-14,True,2,0.6391832483883526
1589,0.4,0.14,before,0.0,True,True,False,16.162789301159517,0.13468991084299597,345.6756180496207,3.825489677860973e-15,2.1760205609292457e-14,True,5,0.031212466581268306
1589,0.4,0.14,after,85.0,True,True,True,1.6320475348776409,0.01360039612398034,81.27396623690136,8.729003210923582e-14,6.519728184546577e-13,True,4,0.07735229223092333
1590,0.42,0.14,before,0.0,True,True,False,14.685252136790687,0.1223771011399224,258.1618499213391,9.84740285922512e-15,7.293351644204794e-14,True,5,0.059216249188675185
1590,0.42,0.14,after,85.0,True,True,True,1.5879357977732766,0.013232798314777305,82.96900396901191,3.480531475248531e-16,1.4539259633693283e-15,True,4,0.7115570919245133
1591,0.44,0.14,before,0.0,True,True,False,14.075968745744838,0.11729973954787365,232.47660657898166,8.335746127286681e-15,6.287082856177119e-14,True,5,0.05418338920775856
1591,0.44,0.14,after,85.0,True,True,True,1.5375425441416635,0.012812854534513862,86.23784069543667,1.062716010695555e-15,4.713220380009844e-15,True,4,1.3941233314249417
1592,0.46,0.14,before,0.0,True,True,False,13.552496416027804,0.11293747013356503,194.6574845819832,7.220731822152494e-15,5.354047949268909e-14,True,5,0.04993885469890902
1592,0.46,0.14,after,75.0,True,True,True,1.4935605243011363,0.012446337702509469,84.0868008677866,5.750497121565129e-16,2.3426758140054006e-15,True,4,1.0668358307387402
1593,0.48,0.14,before,0.0,True,True,False,12.884114466220762,0.10736762055183968,164.02620864845474,5.1374063454123114e-15,5.880433547437797e-14,True,5,0.30022611807111454
1593,0.48,0.14,after,75.0,True,True,True,1.4959220209569857,0.012466016841308214,87.74190751538491,2.4602965569729772e-14,1.5839607765231416e-13,True,1,0.09166326122495327
1594,0.5,0.14,before,0.0,True,True,False,12.826889758111282,0.10689074798426068,172.29306529510495,6.219602759902296e-15,3.8674160318237523e-14,True,5,0.043174311165423696
1594,0.5,0.14,after,70.0,True,True,True,1.5365909891167284,0.01280492490930607,87.78923985899745,2.4115426722477247e-15,1.3264842298615118e-14,True,1,1.3764694238488642
1595,0.52,0.14,before,0.0,True,True,False,12.92364381304166,0.10769703177534717,176.48032038299561,6.880766180439282e-15,3.294795584966711e-14,True,5,0.040435588798414024
1595,0.52,0.14,after,60.0,True,True,True,1.5772087370455612,0.013143406142046343,83.0313522674496,9.135126955346539e-16,1.028380596404813e-14,True,1,1.2569474717070077
1596,0.54,0.14,before,0.0,True,True,False,12.839291453109478,0.10699409544257898,195.47421495755657,2.905764868186702e-15,3.079034228618511e-14,True,5,0.17126784741565704
1596,0.54,0.14,after,55.0,True,True,True,1.6130770702253905,0.01344230891854492,81.88432943113284,2.5968140872148877e-14,1.7770346400212068e-13,True,1,0.09891589747820984
1597,0.56,0.14,before,0.0,True,True,False,13.249612983513135,0.11041344152927612,215.36055653354964,4.642757858275228e-15,4.867560146360521e-14,True,5,0.584922138060139
1597,0.56,0.14,after,50.0,True,True,True,1.6427124859084241,0.013689270715903534,80.3420206744681,1.4307588678352454e-15,1.6828121033995093e-14,True,1,1.2374592767034707
1598,0.58,0.14,before,0.0,True,True,False,14.130296177364343,0.11775246814470286,236.56964685857815,3.849654312930622e-15,8.657420416763569e-14,True,5,0.14665445351780626
1598,0.58,0.14,after,45.0,True,True,True,1.6654568282159055,0.013878806901799212,78.41040896764824,1.8054463245622663e-15,2.3019464430495284e-14,True,1,0.9232410670552786
1599,0.6,0.14,before,0.0,True,True,False,15.247487709760623,0.12706239758133853,262.02056771439504,5.267785968574373e-15,4.728398196154236e-14,True,5,0.7365737074464553
1599,0.6,0.14,after,45.0,True,True,True,1.7206018533134504,0.014338348777612087,80.69019416260623,4.766712043421261e-15,4.5782062668652295e-14,True,3,1.3271411842356768
1600,0.62,0.14,before,0.0,True,True,False,16.805304185289618,0.14004420154408015,294.9757019124402,5.44808791512383e-15,4.236063396650669e-14,True,5,0.8154423485101974
1600,0.62,0.14,after,45.0,True,True,True,1.8056355684679293,0.015046963070566077,85.20324216832762,1.9104326212694535e-14,1.3891577698066768e-13,True,3,1.4284665468722157
1601,0.64,0.14,before,0.0,True,True,False,19.10659725884741,0.1592216438237284,336.5107849846652,5.923604935828719e-15,3.467444989192148e-14,True,5,0.8969290396703145
1601,0.64,0.14,after,40.0,True,True,True,1.9726469697106008,0.01643872474758834,81.79772392212534,2.0603509872448684e-14,1.4574633263677164e-13,True,3,1.429566140752913
1602,0.66,0.14,before,0.0,True,True,False,22.571668442265498,0.18809723701887915,375.47658421426036,1.6525642683844706e-15,2.3931787011277996e-14,True,5,0.02800131425216268
1602,0.66,0.14,after,40.0,True,True,True,2.1780100168477645,0.01815008347373137,94.01831787047357,1.4360345628648587e-14,8.832532850410124e-14,True,2,1.5406966001512123
1603,0.68,0.14,before,0.0,True,True,False,28.367891671564358,0.23639909726303632,557.0437325783786,7.55707668665075e-15,6.584667223288122e-14,True,5,0.026822952805337863
1603,0.68,0.14,after,35.0,True,True,True,2.2011084067464237,0.018342570056220198,104.95748841502497,1.171392164801266e-14,5.526284963631369e-14,True,2,1.5486670223665084
1604,0.7000000000000001,0.14,before,0.0,True,True,False,39.813586929307924,0.331779891077566,1006.9706728979739,1.482176974498742e-14,2.058063922149798e-13,True,5,0.045887897314977444
1604,0.7000000000000001,0.14,after,30.0,True,True,True,2.2170289961726386,0.01847524163477199,114.67008086724952,2.0490956681171573e-14,1.3281769139615156e-13,True,2,1.5651516059602304
1605,0.72,0.14,before,0.0,True,True,False,69.663666419543,0.5805305534961918,11789.451019898095,6.814332977199489e-15,2.5174354195920226e-14,True,3,1.2596762625136428
1605,0.72,0.14,after,25.0,True,True,True,2.229064317697982,0.018575535980816515,124.95835033527527,1.9057073013296604e-14,9.643354408876913e-14,True,2,1.5897928764272424
1607,0.76,0.14,before,0.0,True,True,False,37.04895670738182,0.3087413058948485,1170.4726433130295,1.2648421673923414e-14,1.1059917773241395e-13,True,3,0.048510006905150505
1607,0.76,0.14,after,-30.0,True,True,True,9.512550572584502,0.07927125477153751,343.1694477253352,2.5231634953301078e-14,8.92697675678523e-14,True,5,0.3502676773937061
1608,0.78,0.14,before,0.0,True,True,False,22.504135295558783,0.1875344607963232,480.13659034866197,6.1214259746377934e-15,2.683587254782767e-14,True,3,1.5985224332600227
1608,0.78,0.14,after,5.0,True,True,True,2.519802811801819,0.020998356765015158,162.70592552823723,3.4058093151810644e-14,9.99767862918998e-14,True,2,0.7578323888135525
1609,0.8,0.14,before,0.0,True,True,True,3.64188903663746,0.030349075305312168,243.88171293592808,1.2702683656690188e-13,7.000333526501074e-14,True,2,0.6642302799695008
1609,0.8,0.14,after,-10.0,True,True,True,2.7745710168034288,0.023121425140028573,163.89976026486687,2.1534825649674662e-14,4.637145727275048e-14,True,2,1.3443294224620077
1625,0.4,0.16,before,0.0,True,True,False,10.549011059963416,0.08790842549969513,241.78048594117172,7.505356046545402e-15,5.101509025911034e-14,True,5,0.04219505314807215
1625,0.4,0.16,after,90.0,True,True,True,1.6172702026756625,0.013477251688963854,82.16209709612023,3.4021815010030383e-16,8.418682910850738e-16,True,4,1.2588646692800975
1626,0.42,0.16,before,0.0,True,True,False,10.75038699956405,0.08958655832970042,218.7575208256213,5.929779150496339e-15,5.95603130189504e-14,True,5,0.10806038549615637
1626,0.42,0.16,after,85.0,True,True,True,1.5713839900866944,0.013094866584055787,82.95999998260903,4.494775313252277e-16,1.3811013782199762e-15,True,4,1.279522922626573
1627,0.44,0.16,before,0.0,True,True,False,10.442942370973292,0.08702451975811076,200.0628046095123,6.369299878445603e-15,8.351423593880902e-14,True,5,0.17478557736611444
1627,0.44,0.16,after,85.0,True,True,True,1.5189698549232844,0.012658082124360703,86.01623550105941,1.2501931141435805e-13,8.77821482420461e-13,True,4,0.033389301163087914
1628,0.46,0.16,before,0.0,True,True,False,10.458359927257685,0.08715299939381405,186.015781869434,5.107611160358341e-14,7.802373234173359e-13,True,5,0.1278251707159379
1628,0.46,0.16,after,75.0,True,True,True,1.4829058734403366,0.012357548945336139,83.72392122853398,5.102800490722269e-16,3.3329812359546185e-15,True,1,1.2717141628599988
1629,0.48,0.16,before,0.0,True,True,False,10.42516981123368,0.08687641509361399,175.79283937724486,5.692295720564747e-15,3.984620840050605e-14,True,5,0.30985044668954664
1629,0.48,0.16,after,75.0,True,True,True,1.5091618377683602,0.012576348648069668,87.05926427353106,1.5874757737460745e-15,8.886293333431419e-15,True,1,1.3669545257058073
1630,0.5,0.16,before,0.0,True,True,False,10.438980381344969,0.08699150317787474,168.41714330533222,3.887490151834754e-15,3.417541627679902e-14,True,5,0.37854261337780715
1630,0.5,0.16,after,70.0,True,True,True,1.5466603193595008,0.012888835994662506,86.91270569375646,2.284909384033625e-15,1.192146400171279e-14,True,1,1.3552489896315356
1631,0.52,0.16,before,0.0,True,True,False,10.35782595726614,0.08631521631055117,162.9273282404834,5.3767966115710906e-15,2.3522658183411954e-14,True,5,0.448488033584689
1631,0.52,0.16,after,60.0,True,True,True,1.589064952734529,0.013242207939454409,82.2490268667485,7.783942192130055e-16,7.83946394196532e-15,True,1,1.2380969585486867
1632,0.54,0.16,before,0.0,True,True,False,10.684810400979293,0.08904008667482743,158.251070566748,3.546636949672452e-15,2.2422697134604562e-14,True,5,0.5199495261824434
1632,0.54,0.16,after,55.0,True,True,True,1.6220683004344227,0.013517235836953523,80.99992546989938,1.2512347708533295e-15,1.4150662437987635e-14,True,1,1.2287230567121015
1633,0.56,0.16,before,0.0,True,True,False,11.077569184228802,0.09231307653524001,157.0091912271815,4.547257883045465e-15,2.2541312710086247e-14,True,5,0.5930778687525864
1633,0.56,0.16,after,50.0,True,True,True,1.6488767408748783,0.013740639507290653,79.37061412899685,1.5011764146586853e-15,1.6599597856676242e-14,True,1,1.2222695523157279
1634,0.58,0.16,before,0.0,True,True,False,11.530509232461275,0.09608757693717729,189.07707928473965,4.876319724790101e-15,2.1438828718712075e-14,True,5,0.6680498685532859
1634,0.58,0.16,after,50.0,True,True,True,1.6874802225369834,0.014062335187808195,81.69907866279314,3.0177408341398445e-15,1.967594301935601e-14,True,1,1.3161395666701978
1635,0.6,0.16,before,0.0,True,True,False,12.136469776088,0.10113724813406666,224.20490463492655,5.165856220939412e-15,4.128045059302402e-14,True,5,0.744891795833958
1635,0.6,0.16,after,45.0,True,True,True,1.7726489228925857,0.014772074357438214,79.32751803035671,6.378183567623085e-15,8.037836431907945e-14,True,3,0.9822518098800348
1636,0.62,0.16,before,0.0,True,True,False,13.01072587356602,0.10842271561305017,258.07409653133817,6.826968921430001e-16,4.065074220825847e-15,True,5,0.12322290096081812
1636,0.62,0.16,after,45.0,True,True,True,1.8474904458306707,0.015395753715255589,83.27523216646284,1.7264347325205965e-14,1.3026409310890805e-13,True,3,0.9846170596998647
1637,0.64,0.16,before,0.0,True,True,False,14.325198919599087,0.11937665766332572,282.85326641103694,5.66281766844256e-15,3.156132684912528e-14,True,5,0.9054153126955322
1637,0.64,0.16,after,40.0,True,True,True,2.0405781694441494,0.017004818078701245,79.90159516534128,2.2385611641027076e-14,1.5370681931103307e-13,True,3,1.4179193819043796
1638,0.66,0.16,before,0.0,True,True,False,16.3780390889821,0.13648365907485083,289.59153737329615,8.233646011058839e-15,2.8261675330091568e-14,True,5,0.9899067544499727
1638,0.66,0.16,after,40.0,True,True,True,2.1279553116779493,0.017732960930649577,92.7498463908563,1.425861487933931e-14,8.72413683671724e-14,True,2,1.1488050506730572
1639,0.68,0.16,before,0.0,True,True,False,19.738793379288797,0.16448994482740664,315.26773495596353,5.137781215444217e-15,2.33939336568341e-14,True,5,1.0780569206133588
1639,0.68,0.16,after,35.0,True,True,True,2.1512752063104035,0.01792729338592003,107.74728134157208,1.0899727983185529e-14,5.2646642376032355e-14,True,2,1.5394350949360625
1640,0.7000000000000001,0.16,before,0.0,True,True,False,25.445804801136482,0.21204837334280402,397.297029611385,9.405588141445487e-15,2.4844484817651616e-14,True,5,1.0182904860338517
1640,0.7000000000000001,0.16,after,30.0,True,True,True,2.1676443160616055,0.018063702633846712,117.43786670068879,1.999733484857442e-14,1.2591095317879048e-13,True,2,1.558429119692239
1641,0.72,0.16,before,0.0,True,True,False,36.39158580865941,0.3032632150721617,770.3518436009734,3.685774280761675e-15,1.5006362368292164e-14,True,5,0.8264052065298042
1641,0.72,0.16,after,25.0,True,True,True,2.1801908502611944,0.018168257085509953,127.73841711834777,1.8975199295396938e-14,9.715117972928616e-14,True,2,1.5865140809915055
1642,0.74,0.16,before,0.0,True,True,False,67.22274730842761,0.5601895609035634,2921.910934125698,5.37770992569502e-15,2.28400714297938e-13,True,5,0.02571072267749752
1642,0.74,0.16,after,-30.0,True,True,True,8.363175256689432,0.0696931271390786,306.9869130004456,6.670641334017326e-15,3.205890336855311e-14,True,5,0.39251710680024754
1643,0.76,0.16,before,0.0,True,True,False,76.87156103137933,0.6405963419281611,3472.4290510228434,9.908672466174389e-15,1.1034808635537848e-13,True,3,0.8782196969801399
1643,0.76,0.16,after,10.0,True,True,True,2.1586092844256477,0.017988410703547064,153.70451939503553,2.07294574869621e-14,8.311311995967922e-14,True,3,1.5578376209187796
1644,0.78,0.16,before,0.0,True,True,True,2.3620635558469116,0.01968386296539093,160.203638528791,8.71806390027037e-13,6.379209531896635e-12,True,2,1.6086422415843251
1644,0.78,0.16,after,0.0,True,True,True,2.3620635558469116,0.01968386296539093,160.203638528791,8.71806390027037e-13,6.379209531896635e-12,True,2,1.6086422415843251
1645,0.8,0.16,before,0.0,True,True,True,4.791458731085543,0.03992882275904619,790.8707070711357,2.4055374851178273e-14,7.842026713273153e-14,True,2,1.3717230247943109
1645,0.8,0.16,after,-10.0,True,True,True,2.920535059502356,0.024337792162519634,192.149694582945,2.3672776653003606e-14,5.945855963967145e-14,True,2,1.2825969170570595
1671,0.6,0.18,before,0.0,True,True,False,10.411447085369865,0.08676205904474887,262.34732180511105,4.2730292343679545e-15,2.5604831599935648e-14,True,5,0.7569000127978831
1671,0.6,0.18,after,45.0,True,True,True,1.8330149965449571,0.015275124971207976,78.07839298811636,4.4395908652553754e-15,2.3735626401676317e-14,True,3,1.304421249695783
1672,0.62,0.18,before,0.0,True,True,False,11.1912982456714,0.09326081871392833,320.2895442956521,4.1400490495969545e-15,2.3900889110118695e-14,True,5,0.8359801255149029
1672,0.62,0.18,after,45.0,True,True,True,1.9029018586882795,0.015857515489068996,81.60370817116593,2.4727492007397883e-14,1.6492710555725778e-13,True,3,1.4055813439989229
1673,0.64,0.18,before,0.0,True,True,False,12.220610178959745,0.10183841815799788,360.0621594680675,3.13616511570918e-15,1.904525348216748e-14,True,5,0.12072002920703451
1673,0.64,0.18,after,45.0,True,True,True,2.0647366622519447,0.01720613885209954,90.39229177897124,2.0519030840427252e-14,1.318945537336535e-13,True,2,1.5147938907916618
1674,0.66,0.18,before,0.0,True,True,False,13.608069780692524,0.11340058150577104,396.2982521912494,3.3238388247601506e-15,5.3276816916495974e-14,True,5,0.07539575614651994
1674,0.66,0.18,after,40.0,True,True,True,2.0961924793180664,0.017468270660983887,101.88780162539608,9.906728594396574e-15,5.0127376403460685e-14,True,2,1.5212438696831725
1675,0.68,0.18,before,0.0,True,True,False,15.666833631105685,0.1305569469258807,425.7782197099562,2.1542332264626046e-15,1.1287160183993362e-14,True,5,0.08034374985044224
1675,0.68,0.18,after,35.0,True,True,True,2.1185282098488134,0.01765440174874011,110.6281874799329,7.90630859579754e-15,4.274524454120497e-14,True,2,1.5348452014440452
1676,0.7000000000000001,0.18,before,0.0,True,True,False,18.805302232935972,0.1567108519411331,417.5961698656707,6.65838846477257e-15,4.3391494554935527e-14,True,5,0.8601657541441163
1676,0.7000000000000001,0.18,after,30.0,True,True,True,2.1343706806643548,0.017786422338869623,120.33277341209612,2.1424176251752214e-14,1.3616162635329765e-13,True,2,1.5560194776498555
1677,0.72,0.18,before,0.0,True,True,False,24.354941325976135,0.20295784438313447,379.2144964616597,5.303639507334983e-15,2.914412638976098e-14,True,5,0.10209062370854305
1677,0.72,0.18,after,25.0,True,True,True,2.1467928253496416,0.017889940211247013,130.67877616199866,2.0676562581120972e-14,1.0124199945287889e-13,True,2,1.5878136527410611
1678,0.74,0.18,before,0.0,True,True,False,37.256626891419366,0.310471890761828,879.2029879084531,5.4066586066538276e-15,2.429607501823366e-14,True,5,0.390767322379431
1678,0.74,0.18,after,-30.0,True,True,True,7.840807587711094,0.06534006323092578,300.1691652057879,1.656391733997544e-14,8.149726163773153e-14,True,5,0.4242897832755208
1679,0.76,0.18,before,0.0,True,True,False,15.546501918309215,0.1295541826525768,2538.7861299219085,1.685671424388443e-14,1.2955871164717736e-13,True,3,0.2555136727842555
1679,0.76,0.18,after,10.0,True,True,True,2.203410082102053,0.018361750684183775,156.2109298994976,2.4568811609717775e-14,8.766288036988756e-14,True,3,1.5452273320315992
1680,0.78,0.18,before,0.0,True,True,True,2.481040594541968,0.02067533828784973,160.66764266234034,8.723017645872865e-13,7.278563676557402e-12,True,2,1.4615386183100405
1680,0.78,0.18,after,0.0,True,True,True,2.481040594541968,0.02067533828784973,160.66764266234034,8.723017645872865e-13,7.278563676557402e-12,True,2,1.4615386183100405
1709,0.64,0.2,before,0.0,True,True,False,11.689292990640574,0.09741077492200478,420.9752677530027,4.2001807449902775e-15,2.505878547834501e-14,True,5,0.8101344322711013
1709,0.64,0.2,after,45.0,True,True,True,2.0502122978780513,0.017085102482317094,86.687730519305,2.1786730195368168e-14,1.4045126479235385e-13,True,2,1.5096237592230182
1710,0.66,0.2,before,0.0,True,True,False,13.02847503117981,0.10857062525983174,504.1921145326363,2.520719752872653e-15,1.490535514295125e-14,True,5,0.7350000884607999
1710,0.66,0.2,after,40.0,True,True,True,2.0792370719827025,0.017326975599855854,104.39415459998287,7.111293180620295e-15,3.5532958476682927e-14,True,2,1.5180479984402566
1711,0.68,0.2,before,0.0,True,True,False,14.927049012240028,0.12439207510200023,512.0677793219855,6.56260908552245e-15,4.095124497557337e-14,True,5,0.9982877781721289
1711,0.68,0.2,after,35.0,True,True,True,2.0998921873147625,0.017499101560956354,113.60978918880278,8.586482385648643e-15,4.721797131285233e-14,True,2,1.5344368194243694
1712,0.7000000000000001,0.2,before,0.0,True,True,False,17.817516876665152,0.14847930730554293,475.3891686099337,4.350548140345076e-15,3.586305851876169e-14,True,5,0.7594084041148301
1712,0.7000000000000001,0.2,after,30.0,True,True,True,2.1147015651363255,0.017622513042802712,123.36276475735346,2.0167481813861242e-14,1.2594824534523834e-13,True,2,1.5582683298152489
1713,0.72,0.2,before,0.0,True,True,False,19.221601871521084,0.16018001559600903,540.505958807588,6.947160141695769e-15,3.840204726250795e-14,True,5,1.2980898391657931
1713,0.72,0.2,after,25.0,True,True,True,2.1357822852617003,0.01779818571051417,133.78997467516456,2.3223108528423005e-14,1.1053264473021047e-13,True,2,1.5930841937981104
1714,0.74,0.2,before,0.0,True,True,False,26.301634157709106,0.21918028464757588,439.0074584637489,8.826142122272486e-15,5.007609549034206e-14,True,5,0.45568069450493187
1714,0.74,0.2,after,15.0,True,True,True,2.0683383079973616,0.01723615256664468,148.4843804931529,2.4534123409467615e-14,1.015570443899826e-13,True,3,1.563599396982328
1715,0.76,0.2,before,0.0,True,True,False,45.2455859016079,0.37704654918006586,1298.1084840112028,7.652590215408869e-15,4.4567434806799546e-14,True,5,0.041378867880860426
1715,0.76,0.2,after,10.0,True,True,True,2.2667455362319,0.018889546135265833,158.87576167723694,2.5006726227535535e-14,8.592473983609276e-14,True,2,1.6207858015368344
1716,0.78,0.2,before,0.0,True,True,True,2.6357336351730076,0.021964446959775064,160.6274636099272,1.6250807796678e-12,1.3500732314827936e-11,True,2,1.643272479069461
1716,0.78,0.2,after,0.0,True,True,True,2.6357336351730076,0.021964446959775064,160.6274636099272,1.6250807796678e-12,1.3500732314827936e-11,True,2,1.643272479069461
1743,0.6,0.22,before,0.0,True,True,True,9.636702913040445,0.08030585760867037,422.548650037097,4.4109854444458386e-12,2.7569753233221154e-10,True,5,0.7929587212691331
1743,0.6,0.22,after,50.0,True,True,True,1.8517122709018885,0.01543093559084907,81.9046487911578,2.0361571427011205e-14,1.4259573313219685e-13,True,3,1.3950558900585597
1744,0.62,0.22,before,0.0,True,True,False,12.634937126720178,0.10529114272266815,557.5494220972587,8.751945212592092e-15,5.365184580764181e-14,True,5,0.8714684502438836
1744,0.62,0.22,after,45.0,True,True,True,2.04724759760877,0.01706039664673975,79.64586560501346,1.485025754073026e-14,1.0036552770344597e-13,True,3,1.0349853868192218
1745,0.64,0.22,before,0.0,True,True,False,20.45494389902057,0.17045786582517142,973.8337280328345,4.8850601587814005e-15,3.432911469341447e-14,True,5,0.029361050179431025
1745,0.64,0.22,after,45.0,True,True,True,2.0489565941079535,0.017074638284232946,99.79591820275573,8.111101003764064e-15,4.099993654009642e-14,True,2,1.5085420832595406
1746,0.66,0.22,before,0.0,True,True,False,27.91333971323654,0.23261116427697115,1435.2594615495934,5.059210310009494e-15,2.999319497529749e-14,True,5,0.8660616695856858
1746,0.66,0.22,after,40.0,True,True,True,2.0750815677446166,0.017292346397871805,107.4401074191524,6.878288614899881e-15,3.539854537278302e-14,True,2,1.5194173509785882
1747,0.68,0.22,before,0.0,True,True,False,27.48862406333017,0.22907186719441808,1228.1973557633223,4.670942601017097e-15,3.035728388500788e-14,True,5,0.7167177362899588
1747,0.68,0.22,after,35.0,True,True,True,2.093681924021946,0.01744734936684955,116.70713757475077,1.0273912930527716e-14,6.086347146521948e-14,True,2,1.5380171843602641
1748,0.7000000000000001,0.22,before,0.0,True,True,False,21.193245650935133,0.17661038042445942,912.905727099505,2.556528086932065e-15,1.9460599282900224e-14,True,5,0.7145067850809834
1748,0.7000000000000001,0.22,after,30.0,True,True,True,2.1072810726088687,0.017560675605073905,126.54412025607158,2.0443809119446884e-14,1.2696861405527123e-13,True,2,1.565193418788175
1749,0.72,0.22,before,0.0,True,True,False,18.6389258612318,0.15532438217693167,545.3037274295739,6.7903662629171696e-15,2.863273591785985e-14,True,5,0.371285331609041
1749,0.72,0.22,after,25.0,True,True,True,2.1565685594509088,0.017971404662090906,137.0934516477888,2.530925001906166e-14,1.1740350283540973e-13,True,2,1.5959799064719435
1750,0.74,0.22,before,0.0,True,True,False,20.077119410715802,0.1673093284226317,530.3945085760691,4.0991893806934265e-15,2.396615381447855e-14,True,5,1.4253159998411662
1750,0.74,0.22,after,15.0,True,True,True,2.1220051861517675,0.01768337655126473,151.43790483922004,2.5448154763514494e-14,1.0171055513419463e-13,True,3,1.573085189821688
1751,0.76,0.22,before,0.0,True,True,False,30.668993916919867,0.25557494930766556,744.2208372487578,5.67633754894813e-15,4.532092233606436e-14,True,5,0.061495131316950946
1751,0.76,0.22,after,10.0,True,True,True,2.3862440128569506,0.019885366773807922,161.7444334603377,3.6644476744375377e-14,1.0258320885676148e-13,True,2,0.754080188144509
1752,0.78,0.22,before,0.0,True,True,True,2.8413276447941893,0.02367773037328491,161.5037987836553,1.1361187279063581e-12,1.3297059308820089e-11,True,2,0.6418320427787032
1752,0.78,0.22,after,-5.0,True,True,True,2.6796217376888443,0.022330181147407036,154.09145273280353,3.694109669615667e-14,8.701255708706388e-14,True,2,0.19417784858644893
1779,0.6,0.24,before,0.0,True,True,False,11.986121566250052,0.0998843463854171,510.5798319062551,3.59027248614772e-15,2.9846044395146946e-14,True,5,0.061941275847304134
1779,0.6,0.24,after,50.0,True,True,True,1.9203502446322318,0.0160029187052686,80.7668265175991,8.563359783607429e-15,7.831777546313014e-14,True,3,0.4541474709213853
1780,0.62,0.24,before,0.0,True,True,False,21.414846884575294,0.17845705737146078,1088.9780296356698,2.9469311673724113e-15,1.7902277689858368e-14,True,5,0.8952503036946793
1780,0.62,0.24,after,45.0,True,True,True,2.1323681245814097,0.017769734371511747,83.29418322747131,1.642175701369817e-14,1.0842504505690739e-13,True,3,1.0425522168993577
1781,0.64,0.24,before,0.0,True,True,False,112.7876266389225,0.9398968886576875,20807.43228891399,9.240606061635257e-15,5.199346873338308e-14,True,5,0.9519002774382379
1781,0.64,0.24,after,45.0,True,True,True,2.0598097727112386,0.01716508143926032,102.13066109228173,6.8873127380186754e-15,3.6236240695141043e-14,True,2,1.511637185730651
1782,0.66,0.24,before,0.0,True,True,False,654.7486893030288,5.45623907752524,80584.47413538313,3.3776380236153532e-15,2.310339926195528e-14,True,5,0.29908965381778696
1782,0.66,0.24,after,40.0,True,True,True,2.0827596160491657,0.017356330133743048,110.58790278928399,7.530921922468412e-15,4.0781829330217594e-14,True,2,1.5253412942311866
1783,0.68,0.24,before,0.0,True,True,False,152.80701254439134,1.2733917712032612,14313.36337081576,1.485263067816542e-14,3.9116954456719895e-14,True,5,0.7631847200678417
1783,0.68,0.24,after,35.0,True,True,True,2.0991632790741566,0.01749302732561797,119.94118939293692,1.571161720078068e-14,9.657660920791449e-14,True,2,1.5459883744616405
1784,0.7000000000000001,0.24,before,0.0,True,True,False,48.86440485520075,0.4072033737933396,1534.9081644581859,5.2917153191959085e-15,1.737851770447936e-14,True,5,0.09518009527010651
1784,0.7000000000000001,0.24,after,30.0,True,True,True,2.111648446163832,0.0175970703846986,129.90165559587368,2.0954191250278988e-14,1.0195167743530647e-13,True,2,1.5767038958135207
1785,0.72,0.24,before,0.0,True,True,False,25.764986147382167,0.2147082178948514,941.0506004373091,4.1474854901842675e-15,2.5353744437170294e-14,True,5,0.3610109891768021
1785,0.72,0.24,after,25.0,True,True,True,2.1930737467342976,0.018275614556119146,143.38304964167605,2.220017531202461e-14,9.591143171958416e-14,True,2,1.616773413141927
1786,0.74,0.24,before,0.0,True,True,False,19.814211967940135,0.1651184330661678,572.792268908683,4.350548140345076e-15,1.472102597655303e-13,True,5,0.13740276428010834
1786,0.74,0.24,after,15.0,True,True,True,2.177360656577889,0.018144672138149076,154.60374652918532,2.1518645563812814e-14,8.073958626697541e-14,True,3,1.5557123645398372
1787,0.76,0.24,before,0.0,True,True,False,22.815054337225824,0.1901254528102152,634.2454603346372,5.9824695020147725e-15,2.187804626221605e-14,True,5,1.568698625032029
1787,0.76,0.24,after,10.0,True,True,True,2.59414847101489,0.021617903925124082,166.6484380138442,2.862357572473775e-14,1.2336250035486575e-13,True,2,1.6582332095639498
1788,0.78,0.24,before,0.0,True,True,True,3.1261554356408006,0.02605129529700667,207.03213927272435,9.927719746427088e-13,1.1241779752067584e-11,True,2,1.6990378388175928
1788,0.78,0.24,after,-5.0,True,True,True,2.911826601166161,0.024265221676384674,194.21286308285133,2.1562871547986903e-14,6.701352967808999e-14,True,2,1.6743830386262477
1815,0.6,0.26,before,0.0,True,True,False,13.610445354601097,0.11342037795500914,525.6384837643382,2.823166392873813e-15,2.403843670067737e-14,True,5,0.06174364551083844
1815,0.6,0.26,after,50.0,True,True,True,1.9969163457089856,0.01664096954757488,79.73670306604816,8.279214181593398e-15,7.633471601538218e-14,True,3,0.4603955286726533
1816,0.62,0.26,before,0.0,True,True,False,25.137669738979085,0.20948058115815904,942.2610382124731,2.5816042633509944e-15,2.2963944128406115e-14,True,5,0.03947326566372311
1816,0.62,0.26,after,45.0,True,True,True,2.2268700368058614,0.01855725030671551,87.2483437237527,1.5054323320820545e-14,1.065399279442494e-13,True,3,0.7834563057281061
1817,0.64,0.26,before,0.0,True,True,False,125.72526461740267,1.0477105384783556,9737.368901732047,5.378640988263629e-15,3.613764727627085e-14,True,5,0.9778652174184437
1817,0.64,0.26,after,45.0,True,True,True,2.082514784820688,0.017354289873505735,104.9105270483512,7.010467223577273e-15,3.516998345764076e-14,True,2,1.519263492636492
1818,0.66,0.26,before,0.0,True,True,False,350.77288270906143,2.9231073559088454,44908.25636474206,2.365094275177691e-15,1.1059186922029586e-14,True,5,0.8737862183141756
1818,0.66,0.26,after,40.0,True,True,True,2.102151368988845,0.01751792807490704,116.25625516836067,4.2716768672380716e-15,2.2730257454522973e-14,True,2,1.5354529262376462
1819,0.68,0.26,before,0.0,True,True,False,321.61551949946306,2.680129329162192,44315.9679019036,5.4084393856590255e-15,2.7352934062507237e-14,True,5,0.7965544624942655
1819,0.68,0.26,after,35.0,True,True,True,2.1164146806999984,0.01763678900583332,123.34003517512429,2.05462558380626e-14,1.2659993197024995e-13,True,2,1.558650580434076
1820,0.7000000000000001,0.26,before,0.0,True,True,False,165.81870757478708,1.3818225631232257,26173.37637043443,4.6564889869824945e-15,2.6162595214516008e-14,True,3,0.789300636104568
1820,0.7000000000000001,0.26,after,30.0,True,True,True,2.1344538368612698,0.017787115307177248,133.46994315575458,2.278663452567752e-14,1.0891164088358338e-13,True,2,1.5923496748605086
1821,0.72,0.26,before,0.0,True,True,False,43.04412643653439,0.3587010536377866,1374.5958842038979,5.393462568055817e-15,8.286823172549078e-14,True,5,0.03559102321210883
1821,0.72,0.26,after,25.0,True,True,True,2.2471735869605647,0.018726446558004706,144.4210966099753,2.4705954887489552e-14,1.0348197747381881e-13,True,2,1.5700681337279887
1822,0.74,0.26,before,0.0,True,True,False,23.29223146964542,0.1941019289137118,784.9534790890569,2.7812416343491072e-15,1.289882146941752e-14,True,5,0.5301088422976727
1822,0.74,0.26,after,15.0,True,True,True,2.2351549078329747,0.018626290898608122,158.0449673518892,2.5442826296062624e-14,8.928964712159454e-14,True,3,1.5345584069077667
1823,0.76,0.26,before,0.0,True,True,False,21.125183394093405,0.17604319495077836,767.0729631341793,9.923384927961684e-15,3.047672431294913e-14,True,3,1.6016452537492016
1823,0.76,0.26,after,5.0,True,True,True,2.564933610797575,0.02137444675664646,160.76746570942788,2.2447054732020945e-14,3.8349107793092e-14,True,2,1.4444273156089533
1824,0.78,0.26,before,0.0,True,True,True,4.144248721628537,0.034535406013571135,411.59379845281484,3.358376072753532e-12,1.644392340068836e-11,True,2,1.7355165327093667
1824,0.78,0.26,after,0.0,True,True,True,4.144248721628537,0.034535406013571135,411.59379845281484,3.358376072753532e-12,1.644392340068836e-11,True,2,1.7355165327093667
1851,0.6,0.28,before,0.0,True,True,False,13.622774720682038,0.11352312267235032,531.7276778671051,4.297152064066792e-14,5.64528370202914e-13,True,5,0.3676039870984136
1851,0.6,0.28,after,55.0,True,True,True,2.063890625496132,0.0171990885458011,91.84097879939408,1.414467950120336e-14,1.007260049481265e-13,True,2,0.9658371648134256
1852,0.62,0.28,before,0.0,True,True,False,22.030269423210527,0.1835855785267544,968.0976961665338,5.9345029560227494e-15,3.671526032099343e-14,True,5,0.35156803515494683
1852,0.62,0.28,after,45.0,True,True,True,2.331448250300987,0.019428735419174892,91.54914422556892,1.7654166183461967e-14,1.255403923003993e-13,True,3,0.7449142822831059
1853,0.64,0.28,before,0.0,True,True,False,51.25495570795423,0.4271246308996186,2938.7722937219323,2.836641554312048e-15,1.267325870776655e-14,True,5,0.025486464429335776
1853,0.64,0.28,after,45.0,True,True,True,2.117648963932952,0.017647074699441267,108.2188262443097,7.382683117888321e-15,3.9462074680748965e-14,True,2,1.5315081224121863
1854,0.66,0.28,before,0.0,True,True,False,146.75798583837977,1.2229832153198315,24701.462108843487,2.142040032190844e-15,8.0579785810208e-15,True,5,0.9277652507350753
1854,0.66,0.28,after,40.0,True,True,True,2.1339493837393686,0.017782911531161405,117.2965537782499,1.48125606868058e-14,9.217250144570159e-14,True,2,1.5497095920367694
1855,0.68,0.28,before,0.0,True,True,False,342.13712459864627,2.851142704988719,44970.233688938286,5.193260302470992e-15,2.5035071480284508e-14,True,5,0.8189272476721001
1855,0.68,0.28,after,35.0,True,True,True,2.1463351628946947,0.01788612635745579,126.94078515944014,1.9866342870280458e-14,1.0037235113599576e-13,True,2,1.5761061533624556
1856,0.7000000000000001,0.28,before,0.0,True,True,False,271.46012001675524,2.2621676668062936,35337.01774003855,4.347005203855846e-15,2.5997976115637335e-14,True,3,0.735292274940714
1856,0.7000000000000001,0.28,after,30.0,True,True,True,2.2009496349641022,0.018341246958034185,137.2952591016407,2.5533334441595946e-14,1.1837290615033548e-13,True,2,1.5916097752564777
1857,0.72,0.28,before,0.0,True,True,False,92.15818955245484,0.7679849129371237,6318.487192048928,1.2205007460325347e-14,2.038198832961369e-14,True,5,0.01592547523056087
1857,0.72,0.28,after,15.0,True,True,False,12.418797275025764,0.10348997729188136,243.73505687084887,1.9670421673243756e-14,1.889471466799444e-13,True,3,0.13809568782390702
1858,0.74,0.28,before,0.0,True,True,False,25.626932025167193,0.21355776687639327,1387.6494695385488,3.0693450304526864e-15,2.1170841910934918e-14,True,3,0.05167885266500871
1858,0.74,0.28,after,15.0,True,True,True,2.411958603092632,0.020099655025771934,161.84736301218265,2.1170791592611683e-14,7.485901031830263e-14,True,2,1.5088505644828691
1859,0.76,0.28,before,0.0,True,True,True,2.66965504219276,0.022247125351606334,151.49382198685703,8.912470055796731e-13,1.2523450390106027e-11,True,2,1.3601488337846597
1859,0.76,0.28,after,0.0,True,True,True,2.66965504219276,0.022247125351606334,151.49382198685703,8.912470055796731e-13,1.2523450390106027e-11,True,2,1.3601488337846597
1887,0.6,0.3,before,0.0,True,True,False,13.333191238241593,0.11110992698534661,482.88455553093286,4.508124127079008e-15,2.1240167573763055e-14,True,5,0.9114136504612804
1887,0.6,0.3,after,55.0,True,True,True,2.1241227246992755,0.017701022705827296,91.25752621114778,1.305220514551918e-14,8.039139793777788e-14,True,2,1.5284913643032914
1888,0.62,0.3,before,0.0,True,True,False,18.158055457860343,0.15131712881550285,699.5732146467828,1.6627883293318834e-14,9.973496381507805e-14,True,5,0.3928080880928695
1888,0.62,0.3,after,45.0,True,True,True,2.4469231147404713,0.020391025956170594,96.24876342441553,2.3748885177598848e-14,1.6682274858315776e-13,True,3,0.7074122583053173
1889,0.64,0.3,before,0.0,True,True,False,33.82495639078449,0.2818746365898708,1212.2993268595585,3.8334861220111865e-15,4.04639408586934e-14,True,5,0.37665236402314584
1889,0.64,0.3,after,45.0,True,True,True,2.1667079855241678,0.018055899879368065,114.08583185488617,2.9923139839825886e-14,2.0000045339161314e-13,True,2,0.10463610097395293
1890,0.66,0.3,before,0.0,True,True,False,14.562326345283886,0.12135271954403237,1773.892789318147,8.271161533457416e-15,5.170272236348369e-14,True,3,0.9639105821795715
1890,0.66,0.3,after,40.0,True,True,True,2.1797696683455703,0.018164747236213086,120.93051298840862,1.9764781254766476e-14,1.236441331449839e-13,True,2,1.5685624949031267
1891,0.68,0.3,before,0.0,True,True,False,168.51178387707964,1.4042648656423302,32585.121603542433,2.6050348849953745e-15,4.568148527508155e-14,True,5,0.2021431396909099
1891,0.68,0.3,after,35.0,True,True,True,2.190800623944007,0.018256671866200058,130.79207611599344,2.1571850497970716e-14,1.0676318899090513e-13,True,2,1.598419867345626
1892,0.7000000000000001,0.3,before,0.0,True,True,False,76.69720702937205,0.6391433919114338,4238.987410954783,3.573577517732459e-15,1.9734468309012147e-14,True,3,0.10800047710285554
1892,0.7000000000000001,0.3,after,25.0,True,True,True,2.05279141546443,0.01710659512887025,145.39582916076412,2.553200687318463e-14,1.1043900289178836e-13,True,3,1.5607499345897378
1893,0.72,0.3,before,0.0,True,True,False,176.3482923965564,1.4695691033046365,37561.72430480136,4.2495952633786474e-15,2.4067059568944832e-14,True,5,0.6543363139003056
1893,0.72,0.3,after,-15.0,True,True,False,11.595398059940392,0.09662831716616993,390.87805402459475,1.050640196116444e-14,5.024304430088396e-14,True,5,0.43327854155982237
1894,0.74,0.3,before,0.0,True,True,False,33.10926120948701,0.2759105100790584,1148.1740871699744,1.1468931640295956e-14,3.880761566126686e-14,True,3,0.5495353536945098
1894,0.74,0.3,after,10.0,True,True,True,2.432471578892428,0.020270596490770232,160.96028167463174,2.6393348800121275e-14,6.50695955135316e-14,True,2,1.4736386974741427
1895,0.76,0.3,before,0.0,True,True,True,2.9809357909384637,0.024841131591153864,205.18161966427914,1.2870755703838603e-12,1.5048871027333395e-11,True,2,0.6088157902186015
1895,0.76,0.3,after,0.0,True,True,True,2.9809357909384637,0.024841131591153864,205.18161966427914,1.2870755703838603e-12,1.5048871027333395e-11,True,2,0.6088157902186015
1923,0.6,0.32,before,0.0,True,True,False,13.675893500961038,0.11396577917467532,402.2919962167407,4.16749759909758e-15,2.649599714683515e-14,True,5,0.9500399283899974
1923,0.6,0.32,after,55.0,True,True,True,2.2017920559512305,0.01834826713292692,99.19255425620328,1.2106936269570679e-14,5.64030721585379e-14,True,2,1.5459978404188839
1924,0.62,0.32,before,0.0,True,True,False,18.69290476201714,0.15577420635014283,571.9254036118805,4.020728286416089e-15,1.8738364790824464e-14,True,5,1.0279629379173638
1924,0.62,0.32,after,45.0,True,True,True,2.5742737711241404,0.021452281426034503,101.41706897476723,2.484824785804946e-14,1.708221450520461e-13,True,3,1.3514241328595125
1925,0.64,0.32,before,0.0,True,True,False,26.572445782426044,0.2214370481868837,1082.9493466659571,3.3952682184363933e-15,2.258676325601751e-14,True,5,0.4152846051994148
1925,0.64,0.32,after,45.0,True,True,True,2.2323692441561516,0.018603077034634596,115.36489741025449,1.9700501088196245e-14,1.271531843195838e-13,True,2,1.5698525544001787
1926,0.66,0.32,before,0.0,True,True,False,41.32523904629155,0.34437699205242955,1791.7261597999475,1.8806834775865816e-14,2.6874895175136536e-13,True,5,0.39914021822595114
1926,0.66,0.32,after,40.0,True,True,True,2.2424465056221488,0.018687054213517906,127.4461704883862,1.935489248512591e-14,9.255435771967188e-14,True,2,1.592370005028834
1927,0.68,0.32,before,0.0,True,True,False,17.089709934988495,0.14241424945823744,2557.3226680736616,5.512399866715408e-15,3.719580532870173e-14,True,3,0.8356226744782509
1927,0.68,0.32,after,30.0,True,True,True,2.074289263614606,0.01728574386345505,139.5422325471884,2.2537595763273733e-14,1.0193749715310977e-13,True,3,1.5442812461832907
1928,0.7000000000000001,0.32,before,0.0,True,True,False,87.63610694545872,0.730300891212156,5672.44475532355,5.397157142687997e-15,2.7256434546099154e-14,True,3,0.29936313464974873
1928,0.7000000000000001,0.32,after,25.0,True,True,True,2.081014879572791,0.017341790663106593,149.50972406396943,2.6746756606335878e-14,1.0910399127051543e-13,True,3,1.5752658199364733
1929,0.72,0.32,before,0.0,True,True,False,64.43526189353231,0.5369605157794359,2956.1174792678207,5.114637939152971e-15,3.972008373938146e-14,True,3,0.24530719715531024
1929,0.72,0.32,after,-10.0,True,True,False,16.323060961077687,0.13602550800898072,515.1158651535682,2.248030287623391e-15,1.4633433831042087e-14,True,5,0.49188207649536597
1930,0.74,0.32,before,0.0,True,True,False,45.875443808301235,0.38229536506917694,1330.4467918544483,7.043575467574348e-15,1.9917275163386006e-14,True,3,0.6452834022206462
1930,0.74,0.32,after,5.0,True,True,True,2.56022770688757,0.02133523089072975,147.35006863980632,3.939653427029149e-14,7.829058760523014e-14,True,2,0.3105100967802876
1959,0.6,0.34,before,0.0,True,True,False,13.05868973696441,0.10882241447470342,383.32427034448244,2.698007564445659e-15,3.8710573548093695e-14,True,5,0.9925934801619047
1959,0.6,0.34,after,50.0,True,True,True,2.0562160319797584,0.01713513359983132,107.80612926530928,5.18999578055704e-15,2.829658813862968e-14,True,3,1.464946963416745
1960,0.62,0.34,before,0.0,True,True,False,16.314508191739918,0.13595423493116598,562.0429381668667,1.1872899644884631e-14,7.399875512999008e-14,True,5,0.4712119527577494
1960,0.62,0.34,after,45.0,True,True,True,2.0762697803101027,0.017302248169250856,116.08003047750799,8.205751806852712e-15,4.4738475262308504e-14,True,3,1.4802485372479202
1961,0.64,0.34,before,0.0,True,True,False,23.65392064718698,0.19711600539322482,816.4735217113133,1.447149202427699e-14,8.568972521114759e-14,True,5,1.0038337045486907
1961,0.64,0.34,after,40.0,True,True,True,2.087599695291349,0.017396664127427908,124.78980280352943,1.3681218465149629e-14,7.071515530209011e-14,True,3,1.5039084841965629
1962,0.66,0.34,before,0.0,True,True,False,36.917227423834156,0.30764356186528463,1363.5134979756017,2.1253740279117507e-14,2.617869821634406e-13,True,5,0.4354331452561233
1962,0.66,0.34,after,35.0,True,True,True,2.0872524778126866,0.017393770648439055,133.9875048979991,1.9764932290083767e-14,9.678803410656573e-14,True,3,1.53535349902925
1963,0.68,0.34,before,0.0,True,True,False,55.53267280303135,0.4627722733585946,2141.1964627420098,4.2747190916300094e-15,2.4816052501088044e-14,True,5,0.4193943873703043
1963,0.68,0.34,after,30.0,True,True,True,2.070296278394217,0.017252468986618474,143.7304829833245,2.53546841431106e-14,1.09052974074993e-13,True,3,1.5766076653853027
1964,0.7000000000000001,0.34,before,0.0,True,True,False,24.652393176435172,0.20543660980362644,4030.333093356652,2.5549244805726082e-14,1.4140452060244356e-13,True,3,0.8244502532392026
1964,0.7000000000000001,0.34,after,25.0,True,True,True,2.203136764924176,0.0183594730410348,154.0799383811354,2.1542779270534995e-14,8.372940820313333e-14,True,2,0.2353904282651369
1965,0.72,0.34,before,0.0,True,True,True,9.999999999999964,0.08333333333333304,443.8006135023059,1.4981711760720352e-06,6.465176200482689e-05,True,3,1.5380020470891598
1965,0.72,0.34,after,15.0,True,True,True,2.40727545811414,0.02006062881761783,162.00186968201535,2.3540720920439707e-14,7.140239328803144e-14,True,2,1.4870508079563063
1966,0.74,0.34,before,0.0,True,True,True,6.615055520761344,0.0551254626730112,379.7824505851294,2.333698057304794e-14,7.530925169119681e-14,True,2,1.1787284937718274
1966,0.74,0.34,after,5.0,True,True,True,2.8935463449486765,0.024112886207905637,180.3211563317462,3.39417468837251e-14,9.351330937958338e-14,True,2,1.3260998707105163
1995,0.6,0.36,before,0.0,True,True,False,13.16223213331476,0.109685267777623,384.0760247984207,1.6060480287955424e-14,9.262004145242753e-14,True,5,1.039114124022167
1995,0.6,0.36,after,45.0,True,True,True,2.801270172040331,0.023343918100336092,108.45623406693932,8.545258407353614e-15,6.024627570371471e-14,True,3,1.3034705025400077
1996,0.62,0.36,before,0.0,True,True,False,16.700107939875757,0.1391675661656313,500.244763878824,2.6749233501892086e-15,1.3006160263712119e-14,True,5,1.0565702642529393
1996,0.62,0.36,after,45.0,True,True,True,2.0864381259935882,0.017386984383279902,119.77612648690865,1.088882042979405e-14,5.820258834744415e-14,True,3,1.5092897651177568
1997,0.64,0.36,before,0.0,True,True,False,21.875446043032944,0.1822953836919412,664.0827257354474,1.919722970134747e-14,1.1286417337561781e-13,True,5,0.9937776268406893
1997,0.64,0.36,after,40.0,True,True,True,2.0935733298330916,0.017446444415275764,128.7266137996255,1.8798292187642794e-14,9.653162555182145e-14,True,3,1.5356425719128843
1998,0.66,0.36,before,0.0,True,True,False,27.76144604986186,0.23134538374884883,1127.00279755384,1.2383622157986654e-14,6.618415444642835e-14,True,5,0.47055671195989834
1998,0.66,0.36,after,35.0,True,True,True,2.0871509659082577,0.017392924715902147,138.22786210553204,2.367796255024705e-14,1.0892740362485684e-13,True,3,1.5698755189853
1999,0.68,0.36,before,0.0,True,True,False,39.517020633506505,0.32930850527922084,1186.7821059619846,5.9769297597052255e-15,3.817724279791675e-14,True,5,0.07140200071981262
1999,0.68,0.36,after,30.0,True,True,True,2.103045145632274,0.017525376213602284,148.36609835195773,2.7250774120907042e-14,1.1032307566802349e-13,True,2,1.5702503048280363
2000,0.7000000000000001,0.36,before,0.0,True,True,False,64.53580558711867,0.5377983798926556,3037.5690666235323,1.3085569159938587e-14,9.007600771664401e-14,True,5,0.04980390306235538
2000,0.7000000000000001,0.36,after,20.0,True,True,True,2.257066669464507,0.018808888912204225,158.92225497562578,2.070977024931292e-14,7.200870639605088e-14,True,3,1.5265715117826604
2001,0.72,0.36,before,0.0,True,True,True,2.4501387751050707,0.02041782312587559,139.2402570000078,1.3549360565019254e-12,9.738975840021128e-12,True,2,1.3086983150329035
2001,0.72,0.36,after,0.0,True,True,True,2.4501387751050707,0.02041782312587559,139.2402570000078,1.3549360565019254e-12,9.738975840021128e-12,True,2,1.3086983150329035
2031,0.6,0.38,before,0.0,True,True,False,13.018047739082625,0.10848373115902188,356.4302468282779,6.451544589175463e-15,6.551987720331639e-14,True,5,1.0896862980607949
2031,0.6,0.38,after,45.0,True,True,True,2.971311118016322,0.02476092598346935,114.80187788924638,9.495490312586962e-15,5.16225203970644e-14,True,3,1.2537655804415566
2032,0.62,0.38,before,0.0,True,True,False,15.69973986969412,0.13083116558078434,452.4896598572056,1.079945158127342e-14,6.60631224197096e-14,True,5,0.5438016548852413
2032,0.62,0.38,after,45.0,True,True,True,2.0944974566831753,0.017454145472359794,123.76085406287984,1.7125167662465532e-14,1.0496900366714096e-13,True,3,1.5433748829441767
2033,0.64,0.38,before,0.0,True,True,False,18.593384376159072,0.1549448698013256,647.6840256583444,4.156298982168601e-15,2.5095603425309246e-14,True,5,0.9751514520264575
2033,0.64,0.38,after,40.0,True,True,True,2.0957995550651987,0.01746499629220999,133.01763173949723,2.2297869695446195e-14,1.1089099992679154e-13,True,3,1.5721283316402384
2034,0.66,0.38,before,0.0,True,True,False,23.57401789573988,0.19645014913116565,821.5546438546307,1.8201648545597398e-14,1.1131745136917198e-13,True,5,0.12014510351635987
2034,0.66,0.38,after,35.0,True,True,True,2.1380476598933296,0.017817063832444413,142.91466285832044,2.7704068987449826e-14,1.2121748690886263e-13,True,2,1.5834537526999313
2035,0.68,0.38,before,0.0,True,True,False,32.928711364735435,0.27440592803946195,910.6513920090187,2.5840604867196224e-14,1.7497969388215425e-13,True,5,0.09648660776096296
2035,0.68,0.38,after,25.0,True,True,True,2.1922491261851462,0.018268742718209552,155.23669928219235,2.1460642655358344e-14,7.995755702025878e-14,True,3,1.5542752046349166
2036,0.7000000000000001,0.38,before,0.0,True,True,True,2.2509293658485507,0.01875774471540459,121.14549468834817,2.7518548044506895e-12,2.3359859737639403e-11,True,2,1.3532535626069713
2036,0.7000000000000001,0.38,after,0.0,True,True,True,2.2509293658485507,0.01875774471540459,121.14549468834817,2.7518548044506895e-12,2.3359859737639403e-11,True,2,1.3532535626069713
2067,0.6,0.4,before,0.0,True,True,False,12.357561830296184,0.10297968191913487,347.52531075515094,3.3839044131518772e-15,2.183292230644951e-14,True,5,1.08122629280874
2067,0.6,0.4,after,45.0,True,True,True,3.158286453777217,0.02631905378147681,121.8488767478604,6.4815657879024615e-15,4.81751727769365e-14,True,3,1.1187265965750326
2068,0.62,0.4,before,0.0,True,True,False,14.126796043631948,0.11772330036359957,448.3734676160964,1.6040513632496705e-14,9.492200275351498e-14,True,5,1.0210852901143337
2068,0.62,0.4,after,40.0,True,True,True,2.0756622686234394,0.017297185571861995,133.2301581260026,2.0179582402847837e-14,1.0049274027982992e-13,True,3,1.5000309599160513
2069,0.64,0.4,before,0.0,True,True,False,17.078947514791878,0.14232456262326565,564.0451790829119,2.139996278931544e-14,1.2676115835510591e-13,True,5,0.9395720030586778
2069,0.64,0.4,after,35.0,True,True,True,2.0581055278731064,0.017150879398942553,142.06068359591768,2.2771212830305862e-14,1.0345077285344178e-13,True,3,1.5366975015952054
2070,0.66,0.4,before,0.0,True,True,False,21.977991571094684,0.18314992975912237,609.9299135746513,1.4490005531580376e-14,6.89160942508695e-14,True,5,0.5371891618337266
2070,0.66,0.4,after,30.0,True,True,True,2.116492903097118,0.01763744085914265,151.19740593664162,2.5946045102884023e-14,1.0229862624485002e-13,True,3,1.573096035140849
2071,0.68,0.4,before,0.0,True,True,False,26.474779058280635,0.2206231588190053,816.4292299709772,3.1865770097060672e-15,1.6200717303540203e-14,True,5,1.4945508846037205
2071,0.68,0.4,after,20.0,True,True,True,2.2805301071162987,0.01900441755930249,157.18158761857595,1.710302082795447e-14,5.6786769868800754e-14,True,3,1.5184497867709865
2103,0.6,0.42,before,0.0,True,True,False,11.447751787281426,0.09539793156067855,343.86996550357765,4.612856424989611e-15,3.01057560388787e-14,True,5,1.0562936135900216
2103,0.6,0.42,after,-15.0,True,True,True,5.74449700512349,0.047870808376029084,238.736586191758,1.0433327888490054e-14,5.536104535908623e-14,True,5,0.5686391386927019
2104,0.62,0.42,before,0.0,True,True,False,13.534103997275047,0.11278419997729205,415.72288443451447,1.1367729634210914e-14,4.812954761886783e-14,True,5,0.60951816543745
2104,0.62,0.42,after,40.0,True,True,True,2.0809174047718138,0.017340978373098448,137.72077504507507,2.2188148099921335e-14,1.054036941311435e-13,True,3,1.5447124258125222
2105,0.64,0.42,before,0.0,True,True,False,16.408042318750564,0.13673368598958802,474.4203926118072,7.714652131718715e-15,6.446617707817397e-14,True,5,1.368075903730805
2105,0.64,0.42,after,35.0,True,True,True,2.0562261435898677,0.017135217863248897,146.99146376483228,2.5389237377642408e-14,1.0633818843539677e-13,True,3,1.5837490913391616
2106,0.66,0.42,before,0.0,True,True,False,19.159139038931556,0.1596594919910963,520.0788893772113,3.584271255771891e-14,2.568321655001531e-13,True,5,0.5682053744072295
2106,0.66,0.42,after,25.0,True,True,True,2.217605107279219,0.01848004256066016,156.1026965920803,2.5702861937060164e-14,8.902980752064204e-14,True,3,1.545216602374178
2107,0.68,0.42,before,0.0,True,True,True,3.881422197886164,0.0323451849823847,133.35039405448015,2.221403410222585e-14,1.1616463793946844e-13,True,2,0.6946845757417242
2107,0.68,0.42,after,5.0,True,True,True,2.3053168382240763,0.019210973651867302,124.14517143285266,2.128329680570841e-14,1.2807829107869235e-13,True,2,0.6729911097999421
2139,0.6,0.44,before,0.0,True,True,False,11.286447527038277,0.09405372939198564,328.50985404320244,7.264965584222909e-15,3.265385176545147e-14,True,5,1.2663044857272883
2139,0.6,0.44,after,-10.0,True,True,True,6.754285571279199,0.05628571309399333,267.1615520515701,1.2143532202527386e-14,6.870027209173136e-14,True,5,0.7351726191530501
2140,0.62,0.44,before,0.0,True,True,False,13.150039572645298,0.10958366310537748,376.1446804406404,9.496950545708449e-15,8.165081493994509e-14,True,5,0.9514651440084441
2140,0.62,0.44,after,35.0,True,True,True,2.0334860299510815,0.016945716916259013,146.1106092214976,2.3976512261296038e-14,1.068946062659849e-13,True,3,1.5224140565881696
2141,0.64,0.44,before,0.0,True,True,False,15.062046117869023,0.12551705098224186,446.7075501478533,3.2355192482368666e-15,1.3653507734398846e-14,True,5,1.4350017791477607
2141,0.64,0.44,after,30.0,True,True,True,2.176521385683241,0.01813767821402701,154.08809734656828,2.6397639103645672e-14,1.0055742771510123e-13,True,3,1.5629383640163654
2142,0.66,0.44,before,0.0,True,True,False,17.078538163844048,0.14232115136536705,556.0793252910436,1.1289194407082272e-14,4.839935264758281e-14,True,5,1.529770037110234
2142,0.66,0.44,after,15.0,True,True,True,2.1946757266206163,0.018288964388505136,140.54066816980892,1.4155343563970746e-14,4.205921248511352e-14,True,3,1.4738009420204214
2175,0.6,0.46,before,0.0,True,True,False,11.02595146616153,0.09188292888467942,342.15660403654414,2.08344377074538e-14,1.529277959590318e-13,True,5,0.28905128918881484
2175,0.6,0.46,after,-5.0,True,True,True,8.226343768004796,0.0685528647333733,303.7314444620094,1.3741673085446316e-14,5.155051995622192e-14,True,5,0.398854423038963
2176,0.62,0.46,before,0.0,True,True,False,12.412086481743358,0.10343405401452799,391.8168986661456,1.1551122306821434e-15,1.2265338998271902e-14,True,5,0.8911184778102976
2176,0.62,0.46,after,35.0,True,True,True,2.1221753307641933,0.017684794423034944,151.44345860665638,2.5748080222191243e-14,1.0130207158905186e-13,True,3,1.5731247578405174
2177,0.64,0.46,before,0.0,True,True,False,13.759345342643279,0.11466121118869399,461.4712069841758,3.352800008858181e-15,2.2199099820917695e-14,True,5,0.6476059971015813
2177,0.64,0.46,after,20.0,True,True,True,2.2252973436931356,0.01854414453077613,146.81271657058943,2.3514002092079768e-14,7.618443689513719e-14,True,3,1.509786468985748
2211,0.6,0.48,before,0.0,True,True,False,10.564975890615607,0.08804146575513006,351.98590544014223,1.815817189254179e-15,8.447210316934867e-15,True,5,0.7216383455893691
2211,0.6,0.48,after,40.0,True,True,True,2.0585161171546673,0.017154300976288894,148.4220461285581,2.6368322724720116e-14,1.1081575108807153e-13,True,3,1.5765560280579756
